timestamp,open,high,low,close,volume
2023-01-01 00:00:00,130.000,130.071,129.984,129.999,907
2023-01-01 01:00:00,129.999,130.029,129.975,130.002,1042
2023-01-01 02:00:00,130.002,130.021,129.970,130.000,905
2023-01-01 03:00:00,130.000,130.023,129.996,130.000,913
2023-01-01 04:00:00,130.000,130.041,129.957,130.000,1139
2023-01-01 05:00:00,130.000,130.008,129.961,129.998,939
2023-01-01 06:00:00,129.998,130.062,129.980,129.995,1047
2023-01-01 07:00:00,129.995,130.008,129.979,129.994,970
2023-01-01 08:00:00,129.994,130.072,129.990,129.996,867
2023-01-01 09:00:00,129.996,130.092,129.931,129.996,949
2023-01-01 10:00:00,129.996,129.999,129.971,129.994,1001
2023-01-01 11:00:00,129.994,130.050,129.965,129.993,896
2023-01-01 12:00:00,129.993,130.020,129.952,129.996,1004
2023-01-01 13:00:00,129.996,130.056,129.957,129.998,800
2023-01-01 14:00:00,129.998,130.016,129.981,129.998,1019
2023-01-01 15:00:00,129.998,130.063,129.975,129.998,944
2023-01-01 16:00:00,129.998,130.001,129.886,129.997,906
2023-01-01 17:00:00,129.997,130.012,129.936,129.998,942
2023-01-01 18:00:00,129.998,130.022,129.935,129.996,1020
2023-01-01 19:00:00,129.996,130.006,129.949,129.999,1013
2023-01-01 20:00:00,129.999,130.009,129.993,130.001,1031
2023-01-01 21:00:00,130.001,130.097,129.974,129.999,1083
2023-01-01 22:00:00,129.999,130.007,129.943,130.002,800
2023-01-01 23:00:00,130.002,130.054,129.947,130.002,888
2023-01-02 00:00:00,130.002,130.028,129.972,129.997,838
2023-01-02 01:00:00,129.997,130.077,129.976,129.996,900
2023-01-02 02:00:00,129.996,130.002,129.962,129.997,1099
2023-01-02 03:00:00,129.997,130.077,129.973,129.999,896
2023-01-02 04:00:00,129.999,130.022,129.955,129.999,1055
2023-01-02 05:00:00,129.999,130.030,129.995,129.995,1091
2023-01-02 06:00:00,129.995,130.007,129.946,129.996,924
2023-01-02 07:00:00,129.996,130.007,129.963,129.996,1127
2023-01-02 08:00:00,129.996,130.002,129.942,129.997,1210
2023-01-02 09:00:00,129.997,130.014,129.990,130.000,919
2023-01-02 10:00:00,130.000,130.025,129.977,130.001,1042
2023-01-02 11:00:00,130.001,130.037,129.984,130.001,864
2023-01-02 12:00:00,130.001,130.062,129.940,130.003,887
2023-01-02 13:00:00,130.003,130.012,129.946,130.002,994
2023-01-02 14:00:00,130.002,130.031,129.967,130.005,1071
2023-01-02 15:00:00,130.005,130.026,129.961,130.004,933
2023-01-02 16:00:00,130.004,130.139,129.987,130.006,1086
2023-01-02 17:00:00,130.006,130.052,129.970,130.006,847
2023-01-02 18:00:00,130.006,130.048,129.959,130.007,1203
2023-01-02 19:00:00,130.007,130.011,129.955,130.005,1145
2023-01-02 20:00:00,130.005,130.035,129.866,130.005,863
2023-01-02 21:00:00,130.005,130.029,129.942,130.007,1089
2023-01-02 22:00:00,130.007,130.056,129.954,130.005,885
2023-01-02 23:00:00,130.005,130.051,129.980,130.004,1137
2023-01-03 00:00:00,130.004,130.011,129.969,130.003,1024
2023-01-03 01:00:00,130.003,130.012,129.992,130.006,800
2023-01-03 02:00:00,130.006,130.082,129.991,130.004,1095
2023-01-03 03:00:00,130.004,130.041,129.970,130.002,864
2023-01-03 04:00:00,130.002,130.010,129.957,130.001,864
2023-01-03 05:00:00,130.001,130.038,129.988,130.002,1091
2023-01-03 06:00:00,130.002,130.042,129.963,130.001,954
2023-01-03 07:00:00,130.001,130.045,129.979,130.003,925
2023-01-03 08:00:00,130.003,130.033,129.992,130.001,948
2023-01-03 09:00:00,130.001,130.009,129.937,130.001,1093
2023-01-03 10:00:00,130.001,130.085,129.964,130.005,852
2023-01-03 11:00:00,130.005,130.055,129.927,130.006,1068
2023-01-03 12:00:00,130.006,130.052,129.937,130.006,1077
2023-01-03 13:00:00,130.006,130.019,129.931,130.005,1074
2023-01-03 14:00:00,130.005,130.082,129.991,130.000,944
2023-01-03 15:00:00,130.000,130.013,129.999,130.002,898
2023-01-03 16:00:00,130.002,130.005,129.962,130.000,937
2023-01-03 17:00:00,130.000,130.060,129.972,129.998,1079
2023-01-03 18:00:00,129.998,130.048,129.938,129.997,851
2023-01-03 19:00:00,129.997,130.019,129.958,129.998,1051
2023-01-03 20:00:00,129.998,130.066,129.991,129.998,969
2023-01-03 21:00:00,129.998,130.001,129.971,129.997,939
2023-01-03 22:00:00,129.997,130.003,129.995,129.996,1029
2023-01-03 23:00:00,129.996,130.029,129.894,129.994,914
2023-01-04 00:00:00,129.994,130.043,129.894,129.989,931
2023-01-04 01:00:00,129.989,129.996,129.932,129.988,1111
2023-01-04 02:00:00,129.988,129.996,129.953,129.987,848
2023-01-04 03:00:00,129.987,130.040,129.899,129.985,1071
2023-01-04 04:00:00,129.985,130.047,129.906,129.987,1055
2023-01-04 05:00:00,129.987,130.078,129.955,129.989,914
2023-01-04 06:00:00,129.989,129.999,129.982,129.988,998
2023-01-04 07:00:00,129.988,130.010,129.961,129.988,1091
2023-01-04 08:00:00,129.988,130.015,129.813,129.987,905
2023-01-04 09:00:00,129.987,129.991,129.929,129.983,1136
2023-01-04 10:00:00,129.983,130.055,129.942,129.985,936
2023-01-04 11:00:00,129.985,130.020,129.927,129.982,1081
2023-01-04 12:00:00,129.982,130.037,129.965,129.985,1091
2023-01-04 13:00:00,129.985,130.042,129.927,129.987,845
2023-01-04 14:00:00,129.987,130.051,129.899,129.985,991
2023-01-04 15:00:00,129.985,130.004,129.904,129.989,1106
2023-01-04 16:00:00,129.989,130.003,129.954,129.991,1073
2023-01-04 17:00:00,129.991,130.018,129.960,129.992,1033
2023-01-04 18:00:00,129.992,130.043,129.924,129.993,993
2023-01-04 19:00:00,129.993,130.031,129.975,129.991,936
2023-01-04 20:00:00,129.991,130.030,129.934,129.991,926
2023-01-04 21:00:00,129.991,130.006,129.964,129.994,1084
2023-01-04 22:00:00,129.994,130.040,129.993,129.997,855
2023-01-04 23:00:00,129.997,130.023,129.961,129.998,1101
2023-01-05 00:00:00,129.998,130.073,129.927,130.001,986
2023-01-05 01:00:00,130.001,130.074,129.986,130.003,1014
2023-01-05 02:00:00,130.003,130.117,129.935,129.998,887
2023-01-05 03:00:00,129.998,130.071,129.974,129.997,1128
2023-01-05 04:00:00,129.997,130.035,129.979,129.996,869
2023-01-05 05:00:00,129.996,130.032,129.959,129.997,981
2023-01-05 06:00:00,129.997,130.022,129.981,129.999,1021
2023-01-05 07:00:00,129.999,130.026,129.914,129.996,974
2023-01-05 08:00:00,129.996,130.093,129.924,129.995,1150
2023-01-05 09:00:00,129.995,130.141,129.958,129.999,972
2023-01-05 10:00:00,129.999,130.060,129.919,130.000,975
2023-01-05 11:00:00,130.000,130.022,129.960,129.998,1101
2023-01-05 12:00:00,129.998,130.039,129.997,129.999,1276
2023-01-05 13:00:00,129.999,130.008,129.943,130.000,935
2023-01-05 14:00:00,130.000,130.008,129.947,130.001,935
2023-01-05 15:00:00,130.001,130.029,129.939,130.002,1089
2023-01-05 16:00:00,130.002,130.015,129.977,130.002,1000
2023-01-05 17:00:00,130.002,130.004,129.988,130.002,1136
2023-01-05 18:00:00,130.002,130.043,129.963,130.002,965
2023-01-05 19:00:00,130.002,130.006,129.967,129.999,1029
2023-01-05 20:00:00,129.999,130.030,129.981,130.000,1161
2023-01-05 21:00:00,130.000,130.001,129.979,129.998,1138
2023-01-05 22:00:00,129.998,130.081,129.928,129.999,1129
2023-01-05 23:00:00,129.999,130.009,129.923,129.999,1031
2023-01-06 00:00:00,129.999,130.016,129.939,130.000,855
2023-01-06 01:00:00,130.000,130.023,129.963,129.996,866
2023-01-06 02:00:00,129.996,130.099,129.918,129.995,1213
2023-01-06 03:00:00,129.995,130.004,129.988,129.994,911
2023-01-06 04:00:00,129.994,130.017,129.976,129.993,1046
2023-01-06 05:00:00,129.993,130.056,129.990,129.998,1216
2023-01-06 06:00:00,129.998,130.010,129.959,129.997,1036
2023-01-06 07:00:00,129.997,130.016,129.933,129.996,951
2023-01-06 08:00:00,129.996,130.033,129.975,129.992,1091
2023-01-06 09:00:00,129.992,130.069,129.985,129.995,958
2023-01-06 10:00:00,129.995,129.998,129.937,129.994,1103
2023-01-06 11:00:00,129.994,130.025,129.969,129.995,1035
2023-01-06 12:00:00,129.995,130.110,129.953,129.993,1053
2023-01-06 13:00:00,129.993,130.022,129.991,129.992,888
2023-01-06 14:00:00,129.992,130.066,129.931,129.991,1001
2023-01-06 15:00:00,129.991,130.009,129.972,129.991,1024
2023-01-06 16:00:00,129.991,129.998,129.950,129.989,938
2023-01-06 17:00:00,129.989,130.009,129.950,129.988,1313
2023-01-06 18:00:00,129.988,130.053,129.935,129.990,802
2023-01-06 19:00:00,129.990,130.003,129.970,129.989,932
2023-01-06 20:00:00,129.989,129.999,129.965,129.988,1035
2023-01-06 21:00:00,129.988,130.035,129.957,129.988,912
2023-01-06 22:00:00,129.988,130.022,129.936,129.987,989
2023-01-06 23:00:00,129.987,130.064,129.943,129.988,1034
2023-01-07 00:00:00,129.988,130.024,129.926,129.986,1034
2023-01-07 01:00:00,129.986,129.990,129.950,129.987,1006
2023-01-07 02:00:00,129.987,130.079,129.916,129.987,1046
2023-01-07 03:00:00,129.987,130.099,129.971,129.988,1188
2023-01-07 04:00:00,129.988,130.014,129.941,129.987,1097
2023-01-07 05:00:00,129.987,130.004,129.931,129.987,1049
2023-01-07 06:00:00,129.987,130.005,129.922,129.988,1247
2023-01-07 07:00:00,129.988,130.015,129.957,129.987,941
2023-01-07 08:00:00,129.987,130.028,129.923,129.987,1105
2023-01-07 09:00:00,129.987,129.990,129.910,129.986,956
2023-01-07 10:00:00,129.986,130.031,129.925,129.984,840
2023-01-07 11:00:00,129.984,130.005,129.943,129.985,930
2023-01-07 12:00:00,129.985,130.073,129.973,129.984,960
2023-01-07 13:00:00,129.984,129.989,129.948,129.980,985
2023-01-07 14:00:00,129.980,129.995,129.977,129.978,952
2023-01-07 15:00:00,129.978,130.026,129.952,129.976,1077
2023-01-07 16:00:00,129.976,130.008,129.920,129.972,981
2023-01-07 17:00:00,129.972,130.056,129.946,129.972,898
2023-01-07 18:00:00,129.972,129.977,129.884,129.968,971
2023-01-07 19:00:00,129.968,130.024,129.895,129.965,1014
2023-01-07 20:00:00,129.965,130.008,129.953,129.966,1173
2023-01-07 21:00:00,129.966,129.990,129.906,129.963,1081
2023-01-07 22:00:00,129.963,130.033,129.915,129.968,936
2023-01-07 23:00:00,129.968,130.039,129.909,129.965,1181
2023-01-08 00:00:00,129.965,130.024,129.932,129.964,1239
2023-01-08 01:00:00,129.964,130.014,129.897,129.965,1017
2023-01-08 02:00:00,129.965,130.062,129.886,129.965,801
2023-01-08 03:00:00,129.965,129.968,129.923,129.965,927
2023-01-08 04:00:00,129.965,129.985,129.964,129.965,969
2023-01-08 05:00:00,129.965,130.034,129.937,129.964,876
2023-01-08 06:00:00,129.964,130.072,129.945,129.963,1045
2023-01-08 07:00:00,129.963,129.981,129.920,129.964,945
2023-01-08 08:00:00,129.964,130.008,129.894,129.964,896
2023-01-08 09:00:00,129.964,129.969,129.943,129.963,974
2023-01-08 10:00:00,129.963,130.012,129.892,129.963,1080
2023-01-08 11:00:00,129.963,129.979,129.951,129.968,941
2023-01-08 12:00:00,129.968,129.988,129.951,129.969,1004
2023-01-08 13:00:00,129.969,130.027,129.922,129.968,1257
2023-01-08 14:00:00,129.968,129.994,129.959,129.967,941
2023-01-08 15:00:00,129.967,130.018,129.966,129.966,1023
2023-01-08 16:00:00,129.966,130.018,129.961,129.965,939
2023-01-08 17:00:00,129.965,129.984,129.959,129.964,800
2023-01-08 18:00:00,129.964,129.973,129.910,129.967,962
2023-01-08 19:00:00,129.967,129.983,129.951,129.962,986
2023-01-08 20:00:00,129.962,129.968,129.898,129.961,921
2023-01-08 21:00:00,129.961,129.970,129.903,129.961,955
2023-01-08 22:00:00,129.961,129.995,129.899,129.959,931
2023-01-08 23:00:00,129.959,130.004,129.900,129.960,1151
2023-01-09 00:00:00,129.960,129.966,129.897,129.961,1152
2023-01-09 01:00:00,129.961,130.028,129.872,129.962,849
2023-01-09 02:00:00,129.962,129.998,129.952,129.961,905
2023-01-09 03:00:00,129.961,130.039,129.939,129.957,1043
2023-01-09 04:00:00,129.957,130.082,129.899,129.956,883
2023-01-09 05:00:00,129.956,129.970,129.874,129.957,1078
2023-01-09 06:00:00,129.957,129.993,129.935,129.957,994
2023-01-09 07:00:00,129.957,129.966,129.906,129.956,1029
2023-01-09 08:00:00,129.956,130.052,129.875,129.954,800
2023-01-09 09:00:00,129.954,129.999,129.927,129.953,1077
2023-01-09 10:00:00,129.953,130.095,129.893,129.955,891
2023-01-09 11:00:00,129.955,129.963,129.895,129.955,876
2023-01-09 12:00:00,129.955,129.986,129.922,129.955,915
2023-01-09 13:00:00,129.955,129.990,129.878,129.954,1058
2023-01-09 14:00:00,129.954,130.000,129.941,129.953,973
2023-01-09 15:00:00,129.953,129.970,129.939,129.955,1070
2023-01-09 16:00:00,129.955,129.964,129.895,129.953,964
2023-01-09 17:00:00,129.953,129.996,129.895,129.954,963
2023-01-09 18:00:00,129.954,129.957,129.868,129.952,1038
2023-01-09 19:00:00,129.952,130.005,129.941,129.953,1083
2023-01-09 20:00:00,129.953,130.054,129.816,129.953,1174
2023-01-09 21:00:00,129.953,129.991,129.927,129.953,1016
2023-01-09 22:00:00,129.953,129.989,129.950,129.955,845
2023-01-09 23:00:00,129.955,129.997,129.912,129.956,1065
2023-01-10 00:00:00,129.956,129.988,129.929,129.955,963
2023-01-10 01:00:00,129.955,130.025,129.894,129.954,934
2023-01-10 02:00:00,129.954,129.993,129.895,129.953,1090
2023-01-10 03:00:00,129.953,130.019,129.934,129.951,996
2023-01-10 04:00:00,129.951,130.019,129.924,129.952,1048
2023-01-10 05:00:00,129.952,129.954,129.932,129.952,800
2023-01-10 06:00:00,129.952,129.969,129.886,129.955,863
2023-01-10 07:00:00,129.955,129.980,129.934,129.957,1035
2023-01-10 08:00:00,129.957,129.982,129.901,129.956,1050
2023-01-10 09:00:00,129.956,129.987,129.922,129.957,1007
2023-01-10 10:00:00,129.957,130.017,129.891,129.957,1036
2023-01-10 11:00:00,129.957,130.004,129.936,129.958,935
2023-01-10 12:00:00,129.958,129.988,129.891,129.957,1182
2023-01-10 13:00:00,129.957,129.999,129.948,129.960,998
2023-01-10 14:00:00,129.960,130.016,129.926,129.960,1006
2023-01-10 15:00:00,129.960,129.970,129.943,129.961,1095
2023-01-10 16:00:00,129.961,130.010,129.908,129.963,1071
2023-01-10 17:00:00,129.963,129.991,129.959,129.963,927
2023-01-10 18:00:00,129.963,129.969,129.958,129.962,833
2023-01-10 19:00:00,129.962,130.020,129.911,129.959,871
2023-01-10 20:00:00,129.959,130.091,129.896,129.957,1059
2023-01-10 21:00:00,129.957,130.051,129.884,129.960,984
2023-01-10 22:00:00,129.960,129.980,129.893,129.959,900
2023-01-10 23:00:00,129.959,129.970,129.882,129.957,1044
2023-01-11 00:00:00,129.957,130.007,129.938,129.952,986
2023-01-11 01:00:00,129.952,130.059,129.948,129.954,951
2023-01-11 02:00:00,129.954,129.983,129.931,129.956,828
2023-01-11 03:00:00,129.956,130.014,129.941,129.957,862
2023-01-11 04:00:00,129.957,130.019,129.953,129.954,990
2023-01-11 05:00:00,129.954,129.964,129.843,129.956,1174
2023-01-11 06:00:00,129.956,129.995,129.921,129.958,1065
2023-01-11 07:00:00,129.958,129.974,129.911,129.957,1000
2023-01-11 08:00:00,129.957,130.026,129.920,129.956,1157
2023-01-11 09:00:00,129.956,129.980,129.895,129.953,930
2023-01-11 10:00:00,129.953,130.007,129.933,129.955,960
2023-01-11 11:00:00,129.955,130.052,129.925,129.952,885
2023-01-11 12:00:00,129.952,129.959,129.908,129.951,1075
2023-01-11 13:00:00,129.951,130.021,129.903,129.953,981
2023-01-11 14:00:00,129.953,130.040,129.911,129.957,932
2023-01-11 15:00:00,129.957,129.966,129.877,129.955,905
2023-01-11 16:00:00,129.955,130.000,129.929,129.956,1027
2023-01-11 17:00:00,129.956,130.061,129.946,129.957,967
2023-01-11 18:00:00,129.957,129.966,129.919,129.958,914
2023-01-11 19:00:00,129.958,130.017,129.947,129.955,885
2023-01-11 20:00:00,129.955,129.964,129.950,129.955,1028
2023-01-11 21:00:00,129.955,129.982,129.918,129.955,1033
2023-01-11 22:00:00,129.955,129.956,129.905,129.954,1019
2023-01-11 23:00:00,129.954,129.984,129.952,129.956,814
2023-01-12 00:00:00,129.956,129.973,129.905,129.958,1076
2023-01-12 01:00:00,129.958,129.980,129.956,129.958,1179
2023-01-12 02:00:00,129.958,129.995,129.882,129.959,1007
2023-01-12 03:00:00,129.959,130.031,129.895,129.960,895
2023-01-12 04:00:00,129.960,129.978,129.914,129.964,1163
2023-01-12 05:00:00,129.964,129.968,129.900,129.962,985
2023-01-12 06:00:00,129.962,129.970,129.955,129.960,902
2023-01-12 07:00:00,129.960,129.969,129.930,129.963,956
2023-01-12 08:00:00,129.963,130.003,129.899,129.961,1011
2023-01-12 09:00:00,129.961,129.984,129.929,129.962,1055
2023-01-12 10:00:00,129.962,130.001,129.924,129.961,1220
2023-01-12 11:00:00,129.961,129.966,129.893,129.965,929
2023-01-12 12:00:00,129.965,129.987,129.927,129.962,897
2023-01-12 13:00:00,129.962,129.993,129.941,129.963,1021
2023-01-12 14:00:00,129.963,130.000,129.881,129.958,944
2023-01-12 15:00:00,129.958,130.032,129.910,129.959,1103
2023-01-12 16:00:00,129.959,129.983,129.943,129.960,1140
2023-01-12 17:00:00,129.960,130.055,129.944,129.964,1052
2023-01-12 18:00:00,129.964,130.052,129.924,129.963,958
2023-01-12 19:00:00,129.963,130.021,129.859,129.963,1101
2023-01-12 20:00:00,129.963,130.001,129.932,129.964,1116
2023-01-12 21:00:00,129.964,129.980,129.938,129.963,1003
2023-01-12 22:00:00,129.963,130.013,129.949,129.963,976
2023-01-12 23:00:00,129.963,129.967,129.855,129.963,934
2023-01-13 00:00:00,129.963,129.963,129.949,129.961,1186
2023-01-13 01:00:00,129.961,130.001,129.930,129.960,1080
2023-01-13 02:00:00,129.960,130.040,129.880,129.960,1036
2023-01-13 03:00:00,129.960,130.005,129.950,129.957,1000
2023-01-13 04:00:00,129.957,130.055,129.954,129.956,905
2023-01-13 05:00:00,129.956,129.972,129.950,129.958,1186
2023-01-13 06:00:00,129.958,130.004,129.890,129.958,1088
2023-01-13 07:00:00,129.958,129.991,129.935,129.958,971
2023-01-13 08:00:00,129.958,130.030,129.957,129.961,978
2023-01-13 09:00:00,129.961,129.984,129.931,129.961,982
2023-01-13 10:00:00,129.961,129.983,129.901,129.958,1141
2023-01-13 11:00:00,129.958,129.998,129.949,129.957,1087
2023-01-13 12:00:00,129.957,130.033,129.949,129.954,999
2023-01-13 13:00:00,129.954,129.980,129.950,129.953,1010
2023-01-13 14:00:00,129.953,130.001,129.902,129.955,813
2023-01-13 15:00:00,129.955,129.970,129.930,129.955,1170
2023-01-13 16:00:00,129.955,130.028,129.921,129.954,881
2023-01-13 17:00:00,129.954,130.041,129.923,129.953,1145
2023-01-13 18:00:00,129.953,130.042,129.944,129.955,920
2023-01-13 19:00:00,129.955,130.012,129.900,129.953,1013
2023-01-13 20:00:00,129.953,129.967,129.933,129.952,1001
2023-01-13 21:00:00,129.952,130.016,129.946,129.954,945
2023-01-13 22:00:00,129.954,129.996,129.942,129.955,916
2023-01-13 23:00:00,129.955,130.039,129.932,129.958,916
2023-01-14 00:00:00,129.958,129.980,129.898,129.958,1053
2023-01-14 01:00:00,129.958,129.966,129.943,129.957,966
2023-01-14 02:00:00,129.957,129.962,129.952,129.960,917
2023-01-14 03:00:00,129.960,129.984,129.925,129.963,837
2023-01-14 04:00:00,129.963,130.021,129.917,129.964,1316
2023-01-14 05:00:00,129.964,129.972,129.926,129.966,1060
2023-01-14 06:00:00,129.966,130.003,129.921,129.962,956
2023-01-14 07:00:00,129.962,130.014,129.925,129.963,919
2023-01-14 08:00:00,129.963,130.003,129.925,129.963,932
2023-01-14 09:00:00,129.963,129.982,129.940,129.963,1069
2023-01-14 10:00:00,129.963,130.045,129.959,129.962,932
2023-01-14 11:00:00,129.962,129.994,129.832,129.960,800
2023-01-14 12:00:00,129.960,129.974,129.892,129.962,1201
2023-01-14 13:00:00,129.962,129.995,129.926,129.964,1093
2023-01-14 14:00:00,129.964,130.001,129.947,129.966,1117
2023-01-14 15:00:00,129.966,129.973,129.919,129.969,985
2023-01-14 16:00:00,129.969,130.033,129.964,129.970,969
2023-01-14 17:00:00,129.970,130.059,129.915,129.967,968
2023-01-14 18:00:00,129.967,130.012,129.904,129.973,959
2023-01-14 19:00:00,129.973,129.989,129.958,129.976,989
2023-01-14 20:00:00,129.976,130.097,129.912,129.980,926
2023-01-14 21:00:00,129.980,130.072,129.899,129.979,1123
2023-01-14 22:00:00,129.979,130.026,129.898,129.978,920
2023-01-14 23:00:00,129.978,130.021,129.931,129.980,1084
2023-01-15 00:00:00,129.980,129.982,129.972,129.978,1207
2023-01-15 01:00:00,129.978,130.009,129.941,129.978,1063
2023-01-15 02:00:00,129.978,130.033,129.947,129.977,1098
2023-01-15 03:00:00,129.977,130.043,129.966,129.977,897
2023-01-15 04:00:00,129.977,129.985,129.975,129.976,896
2023-01-15 05:00:00,129.976,129.978,129.883,129.976,952
2023-01-15 06:00:00,129.976,130.011,129.899,129.978,947
2023-01-15 07:00:00,129.978,129.983,129.969,129.981,953
2023-01-15 08:00:00,129.981,129.996,129.942,129.982,968
2023-01-15 09:00:00,129.982,129.986,129.910,129.984,820
2023-01-15 10:00:00,129.984,130.011,129.912,129.984,982
2023-01-15 11:00:00,129.984,130.018,129.893,129.988,861
2023-01-15 12:00:00,129.988,130.037,129.927,129.984,995
2023-01-15 13:00:00,129.984,130.037,129.961,129.981,939
2023-01-15 14:00:00,129.981,130.045,129.944,129.981,1051
2023-01-15 15:00:00,129.981,130.015,129.953,129.982,993
2023-01-15 16:00:00,129.982,130.027,129.977,129.978,984
2023-01-15 17:00:00,129.978,130.109,129.948,129.979,1032
2023-01-15 18:00:00,129.979,129.983,129.946,129.979,904
2023-01-15 19:00:00,129.979,129.986,129.965,129.979,984
2023-01-15 20:00:00,129.979,130.003,129.958,129.980,974
2023-01-15 21:00:00,129.980,130.045,129.891,129.980,972
2023-01-15 22:00:00,129.980,130.005,129.944,129.977,959
2023-01-15 23:00:00,129.977,130.000,129.948,129.974,1137
2023-01-16 00:00:00,129.974,129.996,129.949,129.973,900
2023-01-16 01:00:00,129.973,130.006,129.919,129.969,1052
2023-01-16 02:00:00,129.969,130.006,129.935,129.968,1047
2023-01-16 03:00:00,129.968,130.005,129.904,129.967,1017
2023-01-16 04:00:00,129.967,129.994,129.917,129.968,1044
2023-01-16 05:00:00,129.968,129.976,129.949,129.967,917
2023-01-16 06:00:00,129.967,129.971,129.854,129.966,917
2023-01-16 07:00:00,129.966,129.997,129.942,129.967,832
2023-01-16 08:00:00,129.967,129.982,129.875,129.971,948
2023-01-16 09:00:00,129.971,129.983,129.926,129.971,800
2023-01-16 10:00:00,129.971,130.029,129.928,129.972,1002
2023-01-16 11:00:00,129.972,130.044,129.875,129.973,921
2023-01-16 12:00:00,129.973,129.975,129.919,129.971,892
2023-01-16 13:00:00,129.971,130.010,129.963,129.973,950
2023-01-16 14:00:00,129.973,129.980,129.919,129.974,1023
2023-01-16 15:00:00,129.974,130.000,129.951,129.973,918
2023-01-16 16:00:00,129.973,130.006,129.894,129.974,995
2023-01-16 17:00:00,129.974,130.065,129.888,129.971,957
2023-01-16 18:00:00,129.971,129.984,129.927,129.968,1143
2023-01-16 19:00:00,129.968,129.975,129.883,129.967,1009
2023-01-16 20:00:00,129.967,129.971,129.947,129.965,1175
2023-01-16 21:00:00,129.965,129.971,129.937,129.965,1024
2023-01-16 22:00:00,129.965,130.036,129.918,129.968,1015
2023-01-16 23:00:00,129.968,130.004,129.924,129.965,1109
2023-01-17 00:00:00,129.965,130.013,129.943,129.966,965
2023-01-17 01:00:00,129.966,129.972,129.923,129.967,1184
2023-01-17 02:00:00,129.967,130.006,129.947,129.967,956
2023-01-17 03:00:00,129.967,129.990,129.940,129.966,1008
2023-01-17 04:00:00,129.966,130.001,129.930,129.968,821
2023-01-17 05:00:00,129.968,129.998,129.940,129.968,1139
2023-01-17 06:00:00,129.968,129.997,129.918,129.970,1143
2023-01-17 07:00:00,129.970,130.019,129.960,129.972,1203
2023-01-17 08:00:00,129.972,130.051,129.946,129.972,1137
2023-01-17 09:00:00,129.972,129.987,129.966,129.972,850
2023-01-17 10:00:00,129.972,129.977,129.960,129.972,947
2023-01-17 11:00:00,129.972,130.014,129.964,129.973,960
2023-01-17 12:00:00,129.973,129.979,129.923,129.976,1050
2023-01-17 13:00:00,129.976,129.993,129.896,129.973,1061
2023-01-17 14:00:00,129.973,129.995,129.920,129.974,934
2023-01-17 15:00:00,129.974,129.977,129.923,129.973,826
2023-01-17 16:00:00,129.973,130.001,129.935,129.974,941
2023-01-17 17:00:00,129.974,129.989,129.950,129.970,1217
2023-01-17 18:00:00,129.970,130.013,129.906,129.964,1141
2023-01-17 19:00:00,129.964,130.070,129.862,129.963,908
2023-01-17 20:00:00,129.963,130.008,129.938,129.961,1270
2023-01-17 21:00:00,129.961,129.992,129.890,129.962,1037
2023-01-17 22:00:00,129.962,130.010,129.904,129.961,888
2023-01-17 23:00:00,129.961,129.972,129.958,129.962,1059
2023-01-18 00:00:00,129.962,129.990,129.938,129.959,970
2023-01-18 01:00:00,129.959,129.996,129.955,129.960,1085
2023-01-18 02:00:00,129.960,129.984,129.944,129.960,1086
2023-01-18 03:00:00,129.960,129.965,129.959,129.962,834
2023-01-18 04:00:00,129.962,130.112,129.940,129.961,953
2023-01-18 05:00:00,129.961,129.997,129.927,129.962,1038
2023-01-18 06:00:00,129.962,129.974,129.927,129.961,962
2023-01-18 07:00:00,129.961,129.969,129.890,129.961,1038
2023-01-18 08:00:00,129.961,130.027,129.950,129.962,1093
2023-01-18 09:00:00,129.962,129.973,129.914,129.962,1050
2023-01-18 10:00:00,129.962,130.035,129.886,129.965,1088
2023-01-18 11:00:00,129.965,129.988,129.943,129.964,1097
2023-01-18 12:00:00,129.964,130.067,129.959,129.964,1100
2023-01-18 13:00:00,129.964,130.012,129.888,129.961,1091
2023-01-18 14:00:00,129.961,129.994,129.899,129.961,800
2023-01-18 15:00:00,129.961,129.968,129.886,129.964,1038
2023-01-18 16:00:00,129.964,130.034,129.811,129.965,994
2023-01-18 17:00:00,129.965,130.050,129.937,129.966,885
2023-01-18 18:00:00,129.966,129.984,129.960,129.967,1036
2023-01-18 19:00:00,129.967,129.983,129.957,129.967,1042
2023-01-18 20:00:00,129.967,129.982,129.957,129.969,1009
2023-01-18 21:00:00,129.969,129.975,129.913,129.969,1110
2023-01-18 22:00:00,129.969,129.993,129.945,129.966,948
2023-01-18 23:00:00,129.966,129.978,129.955,129.962,837
2023-01-19 00:00:00,129.962,129.968,129.898,129.959,1125
2023-01-19 01:00:00,129.959,130.021,129.893,129.959,937
2023-01-19 02:00:00,129.959,130.007,129.931,129.956,1134
2023-01-19 03:00:00,129.956,130.003,129.919,129.956,979
2023-01-19 04:00:00,129.956,129.961,129.922,129.953,1017
2023-01-19 05:00:00,129.953,129.957,129.922,129.951,968
2023-01-19 06:00:00,129.951,129.998,129.914,129.951,1203
2023-01-19 07:00:00,129.951,129.971,129.938,129.953,1124
2023-01-19 08:00:00,129.953,129.997,129.905,129.954,985
2023-01-19 09:00:00,129.954,129.971,129.951,129.955,993
2023-01-19 10:00:00,129.955,130.044,129.919,129.959,969
2023-01-19 11:00:00,129.959,130.077,129.939,129.958,952
2023-01-19 12:00:00,129.958,129.977,129.920,129.957,940
2023-01-19 13:00:00,129.957,130.013,129.902,129.959,1045
2023-01-19 14:00:00,129.959,130.031,129.907,129.961,1005
2023-01-19 15:00:00,129.961,129.963,129.927,129.963,949
2023-01-19 16:00:00,129.963,129.980,129.948,129.963,1029
2023-01-19 17:00:00,129.963,130.118,129.947,129.964,1200
2023-01-19 18:00:00,129.964,129.978,129.963,129.965,1004
2023-01-19 19:00:00,129.965,130.007,129.960,129.964,949
2023-01-19 20:00:00,129.964,130.008,129.946,129.965,940
2023-01-19 21:00:00,129.965,129.967,129.911,129.963,1121
2023-01-19 22:00:00,129.963,129.990,129.909,129.962,928
2023-01-19 23:00:00,129.962,129.989,129.902,129.958,1192
2023-01-20 00:00:00,129.958,129.970,129.920,129.962,1030
2023-01-20 01:00:00,129.962,129.980,129.958,129.961,1022
2023-01-20 02:00:00,129.961,129.977,129.921,129.963,1024
2023-01-20 03:00:00,129.963,130.009,129.935,129.966,833
2023-01-20 04:00:00,129.966,129.992,129.859,129.962,899
2023-01-20 05:00:00,129.962,129.995,129.915,129.962,1009
2023-01-20 06:00:00,129.962,130.071,129.929,129.964,896
2023-01-20 07:00:00,129.964,130.011,129.925,129.963,1071
2023-01-20 08:00:00,129.963,130.042,129.852,129.961,980
2023-01-20 09:00:00,129.961,129.963,129.931,129.961,959
2023-01-20 10:00:00,129.961,129.983,129.909,129.958,943
2023-01-20 11:00:00,129.958,129.998,129.900,129.954,1077
2023-01-20 12:00:00,129.954,129.993,129.884,129.955,1073
2023-01-20 13:00:00,129.955,129.965,129.899,129.957,1131
2023-01-20 14:00:00,129.957,129.961,129.916,129.955,967
2023-01-20 15:00:00,129.955,130.021,129.845,129.956,809
2023-01-20 16:00:00,129.956,129.967,129.937,129.959,1009
2023-01-20 17:00:00,129.959,130.038,129.921,129.963,936
2023-01-20 18:00:00,129.963,129.967,129.929,129.967,945
2023-01-20 19:00:00,129.967,130.089,129.951,129.967,1024
2023-01-20 20:00:00,129.967,130.034,129.947,129.963,1081
2023-01-20 21:00:00,129.963,130.029,129.939,129.964,992
2023-01-20 22:00:00,129.964,130.040,129.871,129.965,1137
2023-01-20 23:00:00,129.965,130.030,129.956,129.963,1020
2023-01-21 00:00:00,129.963,130.015,129.909,129.964,1075
2023-01-21 01:00:00,129.964,130.036,129.962,129.968,800
2023-01-21 02:00:00,129.968,130.020,129.916,129.966,1127
2023-01-21 03:00:00,129.966,129.990,129.927,129.963,890
2023-01-21 04:00:00,129.963,129.974,129.910,129.966,800
2023-01-21 05:00:00,129.966,129.974,129.917,129.965,992
2023-01-21 06:00:00,129.965,130.013,129.923,129.966,993
2023-01-21 07:00:00,129.966,129.990,129.959,129.969,952
2023-01-21 08:00:00,129.969,130.041,129.943,129.969,809
2023-01-21 09:00:00,129.969,130.004,129.947,129.968,853
2023-01-21 10:00:00,129.968,130.020,129.844,129.969,1055
2023-01-21 11:00:00,129.969,130.016,129.941,129.968,1068
2023-01-21 12:00:00,129.968,130.015,129.884,129.969,1108
2023-01-21 13:00:00,129.969,130.042,129.833,129.967,971
2023-01-21 14:00:00,129.967,129.978,129.890,129.967,1010
2023-01-21 15:00:00,129.967,129.974,129.963,129.966,1127
2023-01-21 16:00:00,129.966,129.971,129.878,129.964,1056
2023-01-21 17:00:00,129.964,130.015,129.910,129.964,1017
2023-01-21 18:00:00,129.964,129.993,129.926,129.962,982
2023-01-21 19:00:00,129.962,129.975,129.930,129.960,1077
2023-01-21 20:00:00,129.960,129.981,129.937,129.959,1019
2023-01-21 21:00:00,129.959,130.029,129.936,129.956,1071
2023-01-21 22:00:00,129.956,129.962,129.915,129.954,948
2023-01-21 23:00:00,129.954,129.969,129.857,129.955,1054
2023-01-22 00:00:00,129.955,129.989,129.844,129.951,894
2023-01-22 01:00:00,129.951,130.037,129.880,129.954,800
2023-01-22 02:00:00,129.954,129.967,129.952,129.959,1142
2023-01-22 03:00:00,129.959,129.991,129.952,129.957,976
2023-01-22 04:00:00,129.957,129.978,129.926,129.960,965
2023-01-22 05:00:00,129.960,129.994,129.915,129.957,1075
2023-01-22 06:00:00,129.957,129.992,129.946,129.958,1061
2023-01-22 07:00:00,129.958,130.000,129.853,129.954,1060
2023-01-22 08:00:00,129.954,130.001,129.940,129.955,1042
2023-01-22 09:00:00,129.955,129.981,129.879,129.957,983
2023-01-22 10:00:00,129.957,130.061,129.891,129.957,924
2023-01-22 11:00:00,129.957,129.967,129.935,129.958,993
2023-01-22 12:00:00,129.958,129.999,129.931,129.960,817
2023-01-22 13:00:00,129.960,129.970,129.954,129.959,846
2023-01-22 14:00:00,129.959,129.985,129.902,129.957,1044
2023-01-22 15:00:00,129.957,129.981,129.943,129.957,1013
2023-01-22 16:00:00,129.957,130.012,129.872,129.959,1139
2023-01-22 17:00:00,129.959,129.994,129.924,129.957,1043
2023-01-22 18:00:00,129.957,130.003,129.936,129.956,1109
2023-01-22 19:00:00,129.956,129.989,129.946,129.953,1024
2023-01-22 20:00:00,129.953,129.997,129.899,129.950,986
2023-01-22 21:00:00,129.950,129.953,129.902,129.952,996
2023-01-22 22:00:00,129.952,129.999,129.922,129.949,1026
2023-01-22 23:00:00,129.949,129.979,129.883,129.950,849
2023-01-23 00:00:00,129.950,129.955,129.917,129.949,1067
2023-01-23 01:00:00,129.949,130.024,129.935,129.948,1073
2023-01-23 02:00:00,129.948,130.031,129.798,129.949,923
2023-01-23 03:00:00,129.949,129.997,129.919,129.949,944
2023-01-23 04:00:00,129.949,129.973,129.883,129.950,1145
2023-01-23 05:00:00,129.950,129.980,129.885,129.950,813
2023-01-23 06:00:00,129.950,129.953,129.840,129.951,959
2023-01-23 07:00:00,129.951,130.018,129.881,129.949,1075
2023-01-23 08:00:00,129.949,129.978,129.902,129.946,800
2023-01-23 09:00:00,129.946,130.066,129.937,129.948,866
2023-01-23 10:00:00,129.948,129.953,129.920,129.948,1044
2023-01-23 11:00:00,129.948,129.976,129.943,129.948,872
2023-01-23 12:00:00,129.948,130.007,129.886,129.947,1001
2023-01-23 13:00:00,129.947,130.031,129.915,129.951,909
2023-01-23 14:00:00,129.951,130.024,129.943,129.953,1064
2023-01-23 15:00:00,129.953,130.015,129.915,129.952,1157
2023-01-23 16:00:00,129.952,129.983,129.931,129.952,1041
2023-01-23 17:00:00,129.952,130.010,129.922,129.949,997
2023-01-23 18:00:00,129.949,129.950,129.830,129.949,1001
2023-01-23 19:00:00,129.949,130.028,129.873,129.948,1044
2023-01-23 20:00:00,129.948,129.970,129.922,129.949,1096
2023-01-23 21:00:00,129.949,129.959,129.945,129.952,988
2023-01-23 22:00:00,129.952,129.960,129.936,129.955,1153
2023-01-23 23:00:00,129.955,130.010,129.875,129.955,985
2023-01-24 00:00:00,129.955,130.016,129.872,129.955,839
2023-01-24 01:00:00,129.955,129.998,129.946,129.953,1179
2023-01-24 02:00:00,129.953,129.958,129.829,129.956,872
2023-01-24 03:00:00,129.956,129.965,129.920,129.958,1016
2023-01-24 04:00:00,129.958,129.966,129.918,129.956,1043
2023-01-24 05:00:00,129.956,130.001,129.924,129.956,1190
2023-01-24 06:00:00,129.956,129.976,129.909,129.957,906
2023-01-24 07:00:00,129.957,129.994,129.910,129.960,1101
2023-01-24 08:00:00,129.960,129.972,129.913,129.962,1210
2023-01-24 09:00:00,129.962,129.966,129.954,129.959,985
2023-01-24 10:00:00,129.959,130.034,129.936,129.959,1127
2023-01-24 11:00:00,129.959,130.011,129.883,129.960,915
2023-01-24 12:00:00,129.960,130.003,129.937,129.959,1007
2023-01-24 13:00:00,129.959,129.965,129.882,129.958,1126
2023-01-24 14:00:00,129.958,130.022,129.949,129.961,961
2023-01-24 15:00:00,129.961,130.046,129.893,129.963,1014
2023-01-24 16:00:00,129.963,129.993,129.943,129.959,863
2023-01-24 17:00:00,129.959,130.070,129.928,129.959,976
2023-01-24 18:00:00,129.959,129.994,129.945,129.960,948
2023-01-24 19:00:00,129.960,129.997,129.943,129.958,1030
2023-01-24 20:00:00,129.958,130.004,129.926,129.958,858
2023-01-24 21:00:00,129.958,129.990,129.881,129.957,1072
2023-01-24 22:00:00,129.957,130.015,129.952,129.958,1083
2023-01-24 23:00:00,129.958,129.961,129.952,129.958,860
2023-01-25 00:00:00,129.958,129.984,129.931,129.957,1159
2023-01-25 01:00:00,129.957,130.021,129.937,129.956,887
2023-01-25 02:00:00,129.956,130.001,129.937,129.957,1132
2023-01-25 03:00:00,129.957,129.976,129.925,129.959,1004
2023-01-25 04:00:00,129.959,129.979,129.912,129.959,985
2023-01-25 05:00:00,129.959,129.978,129.884,129.955,1142
2023-01-25 06:00:00,129.955,129.982,129.926,129.956,1063
2023-01-25 07:00:00,129.956,129.961,129.903,129.958,1065
2023-01-25 08:00:00,129.958,130.027,129.855,129.958,1055
2023-01-25 09:00:00,129.958,129.998,129.915,129.958,865
2023-01-25 10:00:00,129.958,129.988,129.950,129.957,967
2023-01-25 11:00:00,129.957,129.959,129.933,129.956,985
2023-01-25 12:00:00,129.956,129.985,129.892,129.954,1113
2023-01-25 13:00:00,129.954,130.016,129.918,129.952,1130
2023-01-25 14:00:00,129.952,130.045,129.938,129.953,1034
2023-01-25 15:00:00,129.953,129.961,129.858,129.953,840
2023-01-25 16:00:00,129.953,130.012,129.931,129.953,981
2023-01-25 17:00:00,129.953,129.997,129.948,129.950,1178
2023-01-25 18:00:00,129.950,130.001,129.934,129.948,1066
2023-01-25 19:00:00,129.948,130.002,129.891,129.946,907
2023-01-25 20:00:00,129.946,129.981,129.927,129.947,996
2023-01-25 21:00:00,129.947,129.969,129.904,129.946,800
2023-01-25 22:00:00,129.946,130.021,129.931,129.945,833
2023-01-25 23:00:00,129.945,129.951,129.860,129.942,1186
2023-01-26 00:00:00,129.942,129.983,129.846,129.945,1103
2023-01-26 01:00:00,129.945,129.974,129.912,129.945,958
2023-01-26 02:00:00,129.945,129.981,129.921,129.945,1037
2023-01-26 03:00:00,129.945,130.024,129.912,129.945,836
2023-01-26 04:00:00,129.945,129.990,129.850,129.943,878
2023-01-26 05:00:00,129.943,129.995,129.939,129.942,1036
2023-01-26 06:00:00,129.942,129.975,129.914,129.943,1137
2023-01-26 07:00:00,129.943,130.011,129.848,129.943,973
2023-01-26 08:00:00,129.943,129.982,129.904,129.940,1059
2023-01-26 09:00:00,129.940,129.942,129.903,129.939,1008
2023-01-26 10:00:00,129.939,129.971,129.894,129.942,1054
2023-01-26 11:00:00,129.942,130.010,129.904,129.939,1177
2023-01-26 12:00:00,129.939,129.957,129.856,129.940,1055
2023-01-26 13:00:00,129.940,129.988,129.895,129.939,918
2023-01-26 14:00:00,129.939,129.983,129.869,129.941,1072
2023-01-26 15:00:00,129.941,129.959,129.927,129.940,1236
2023-01-26 16:00:00,129.940,130.034,129.869,129.940,1042
2023-01-26 17:00:00,129.940,129.963,129.905,129.944,934
2023-01-26 18:00:00,129.944,129.957,129.891,129.942,1011
2023-01-26 19:00:00,129.942,129.951,129.918,129.939,1095
2023-01-26 20:00:00,129.939,129.993,129.887,129.937,1031
2023-01-26 21:00:00,129.937,130.012,129.838,129.934,1081
2023-01-26 22:00:00,129.934,129.979,129.896,129.937,890
2023-01-26 23:00:00,129.937,130.041,129.920,129.936,917
2023-01-27 00:00:00,129.936,129.944,129.887,129.933,1019
2023-01-27 01:00:00,129.933,130.004,129.895,129.930,1173
2023-01-27 02:00:00,129.930,130.004,129.886,129.927,1003
2023-01-27 03:00:00,129.927,130.047,129.909,129.926,800
2023-01-27 04:00:00,129.926,129.949,129.898,129.928,943
2023-01-27 05:00:00,129.928,130.055,129.869,129.926,1114
2023-01-27 06:00:00,129.926,129.967,129.893,129.926,894
2023-01-27 07:00:00,129.926,129.934,129.883,129.925,800
2023-01-27 08:00:00,129.925,129.965,129.855,129.928,968
2023-01-27 09:00:00,129.928,129.969,129.893,129.928,961
2023-01-27 10:00:00,129.928,129.946,129.850,129.926,897
2023-01-27 11:00:00,129.926,129.961,129.907,129.926,1128
2023-01-27 12:00:00,129.926,130.000,129.917,129.926,1006
2023-01-27 13:00:00,129.926,129.970,129.834,129.923,842
2023-01-27 14:00:00,129.923,129.965,129.905,129.927,836
2023-01-27 15:00:00,129.927,129.948,129.900,129.928,909
2023-01-27 16:00:00,129.928,129.957,129.874,129.930,915
2023-01-27 17:00:00,129.930,129.952,129.896,129.928,890
2023-01-27 18:00:00,129.928,129.968,129.921,129.926,902
2023-01-27 19:00:00,129.926,129.984,129.788,129.927,949
2023-01-27 20:00:00,129.927,130.002,129.806,129.926,1067
2023-01-27 21:00:00,129.926,130.005,129.904,129.927,849
2023-01-27 22:00:00,129.927,129.929,129.872,129.928,943
2023-01-27 23:00:00,129.928,129.938,129.847,129.927,1002
2023-01-28 00:00:00,129.927,129.941,129.922,129.927,1122
2023-01-28 01:00:00,129.927,129.946,129.826,129.927,989
2023-01-28 02:00:00,129.927,129.973,129.832,129.928,1148
2023-01-28 03:00:00,129.928,129.946,129.917,129.929,983
2023-01-28 04:00:00,129.929,129.977,129.887,129.929,1032
2023-01-28 05:00:00,129.929,129.964,129.898,129.930,812
2023-01-28 06:00:00,129.930,129.992,129.891,129.933,1042
2023-01-28 07:00:00,129.933,129.947,129.927,129.933,1014
2023-01-28 08:00:00,129.933,129.972,129.854,129.932,983
2023-01-28 09:00:00,129.932,129.935,129.874,129.931,927
2023-01-28 10:00:00,129.931,129.977,129.916,129.932,1027
2023-01-28 11:00:00,129.932,129.957,129.845,129.932,993
2023-01-28 12:00:00,129.932,130.025,129.919,129.933,989
2023-01-28 13:00:00,129.933,129.935,129.843,129.931,907
2023-01-28 14:00:00,129.931,129.980,129.921,129.931,900
2023-01-28 15:00:00,129.931,129.947,129.881,129.932,1066
2023-01-28 16:00:00,129.932,129.951,129.924,129.932,937
2023-01-28 17:00:00,129.932,130.011,129.917,129.937,1055
2023-01-28 18:00:00,129.937,129.943,129.905,129.937,988
2023-01-28 19:00:00,129.937,129.946,129.909,129.935,1070
2023-01-28 20:00:00,129.935,129.951,129.905,129.937,1049
2023-01-28 21:00:00,129.937,129.946,129.892,129.940,934
2023-01-28 22:00:00,129.940,130.004,129.925,129.939,994
2023-01-28 23:00:00,129.939,129.943,129.857,129.940,811
2023-01-29 00:00:00,129.940,130.011,129.866,129.938,945
2023-01-29 01:00:00,129.938,129.953,129.899,129.937,945
2023-01-29 02:00:00,129.937,130.021,129.891,129.940,889
2023-01-29 03:00:00,129.940,129.949,129.934,129.939,983
2023-01-29 04:00:00,129.939,129.965,129.899,129.939,1345
2023-01-29 05:00:00,129.939,130.015,129.871,129.943,1181
2023-01-29 06:00:00,129.943,129.961,129.933,129.946,848
2023-01-29 07:00:00,129.946,129.989,129.931,129.947,1018
2023-01-29 08:00:00,129.947,129.972,129.822,129.949,1033
2023-01-29 09:00:00,129.949,130.003,129.929,129.948,958
2023-01-29 10:00:00,129.948,129.998,129.888,129.949,983
2023-01-29 11:00:00,129.949,130.070,129.945,129.950,938
2023-01-29 12:00:00,129.950,130.046,129.929,129.944,990
2023-01-29 13:00:00,129.944,129.976,129.934,129.943,1252
2023-01-29 14:00:00,129.943,129.966,129.902,129.939,822
2023-01-29 15:00:00,129.939,129.984,129.911,129.938,996
2023-01-29 16:00:00,129.938,129.941,129.856,129.935,1007
2023-01-29 17:00:00,129.935,129.940,129.832,129.936,1175
2023-01-29 18:00:00,129.936,129.942,129.924,129.935,958
2023-01-29 19:00:00,129.935,130.017,129.907,129.937,898
2023-01-29 20:00:00,129.937,129.959,129.839,129.936,993
2023-01-29 21:00:00,129.936,130.007,129.907,129.938,900
2023-01-29 22:00:00,129.938,130.019,129.936,129.938,849
2023-01-29 23:00:00,129.938,129.984,129.862,129.938,988
2023-01-30 00:00:00,129.938,129.968,129.883,129.941,803
2023-01-30 01:00:00,129.941,129.971,129.937,129.938,1074
2023-01-30 02:00:00,129.938,129.980,129.881,129.937,1114
2023-01-30 03:00:00,129.937,129.969,129.927,129.939,1011
2023-01-30 04:00:00,129.939,129.976,129.906,129.940,958
2023-01-30 05:00:00,129.940,130.005,129.885,129.939,1012
2023-01-30 06:00:00,129.939,129.966,129.912,129.941,1270
2023-01-30 07:00:00,129.941,129.985,129.829,129.942,989
2023-01-30 08:00:00,129.942,129.980,129.884,129.942,889
2023-01-30 09:00:00,129.942,129.971,129.911,129.941,1039
2023-01-30 10:00:00,129.941,129.970,129.932,129.941,1245
2023-01-30 11:00:00,129.941,129.983,129.922,129.942,984
2023-01-30 12:00:00,129.942,129.951,129.885,129.941,807
2023-01-30 13:00:00,129.941,129.955,129.864,129.941,915
2023-01-30 14:00:00,129.941,129.998,129.877,129.943,1123
2023-01-30 15:00:00,129.943,129.953,129.937,129.944,997
2023-01-30 16:00:00,129.944,129.986,129.870,129.942,966
2023-01-30 17:00:00,129.942,129.960,129.903,129.948,1028
2023-01-30 18:00:00,129.948,129.978,129.912,129.947,1198
2023-01-30 19:00:00,129.947,130.026,129.896,129.943,950
2023-01-30 20:00:00,129.943,129.951,129.841,129.942,960
2023-01-30 21:00:00,129.942,129.954,129.893,129.942,1003
2023-01-30 22:00:00,129.942,129.964,129.917,129.939,1025
2023-01-30 23:00:00,129.939,129.990,129.895,129.936,1045
2023-01-31 00:00:00,129.936,129.987,129.883,129.936,1001
2023-01-31 01:00:00,129.936,129.950,129.846,129.934,852
2023-01-31 02:00:00,129.934,129.961,129.929,129.936,1062
2023-01-31 03:00:00,129.936,129.958,129.878,129.940,843
2023-01-31 04:00:00,129.940,129.994,129.929,129.940,1121
2023-01-31 05:00:00,129.940,129.957,129.924,129.943,915
2023-01-31 06:00:00,129.943,129.957,129.892,129.944,924
2023-01-31 07:00:00,129.944,129.993,129.894,129.944,939
2023-01-31 08:00:00,129.944,129.952,129.931,129.942,1008
2023-01-31 09:00:00,129.942,130.043,129.841,129.940,915
2023-01-31 10:00:00,129.940,129.971,129.930,129.941,1058
2023-01-31 11:00:00,129.941,130.019,129.924,129.942,1179
2023-01-31 12:00:00,129.942,129.952,129.929,129.940,986
2023-01-31 13:00:00,129.940,129.942,129.889,129.938,938
2023-01-31 14:00:00,129.938,130.051,129.935,129.937,835
2023-01-31 15:00:00,129.937,130.004,129.906,129.940,1015
2023-01-31 16:00:00,129.940,130.006,129.832,129.943,1043
2023-01-31 17:00:00,129.943,130.007,129.933,129.941,955
2023-01-31 18:00:00,129.941,129.965,129.840,129.942,1111
2023-01-31 19:00:00,129.942,129.970,129.904,129.944,931
2023-01-31 20:00:00,129.944,129.987,129.881,129.940,1010
2023-01-31 21:00:00,129.940,130.028,129.893,129.940,941
2023-01-31 22:00:00,129.940,129.947,129.842,129.941,958
2023-01-31 23:00:00,129.941,129.987,129.918,129.941,952
2023-02-01 00:00:00,129.941,129.947,129.923,129.941,949
2023-02-01 01:00:00,129.941,129.972,129.935,129.941,1226
2023-02-01 02:00:00,129.941,129.969,129.920,129.942,805
2023-02-01 03:00:00,129.942,129.951,129.915,129.942,1000
2023-02-01 04:00:00,129.942,129.969,129.876,129.942,916
2023-02-01 05:00:00,129.942,129.994,129.929,129.941,916
2023-02-01 06:00:00,129.941,129.960,129.935,129.943,894
2023-02-01 07:00:00,129.943,129.949,129.901,129.943,1190
2023-02-01 08:00:00,129.943,130.006,129.895,129.943,1090
2023-02-01 09:00:00,129.943,129.961,129.928,129.942,1016
2023-02-01 10:00:00,129.942,129.972,129.876,129.940,858
2023-02-01 11:00:00,129.940,129.979,129.879,129.937,1066
2023-02-01 12:00:00,129.937,129.944,129.937,129.939,1081
2023-02-01 13:00:00,129.939,129.966,129.902,129.939,1291
2023-02-01 14:00:00,129.939,129.995,129.915,129.942,1024
2023-02-01 15:00:00,129.942,130.004,129.853,129.942,1043
2023-02-01 16:00:00,129.942,129.942,129.940,129.941,924
2023-02-01 17:00:00,129.941,129.994,129.904,129.940,1146
2023-02-01 18:00:00,129.940,129.975,129.880,129.939,967
2023-02-01 19:00:00,129.939,130.019,129.930,129.938,1069
2023-02-01 20:00:00,129.938,129.986,129.929,129.937,936
2023-02-01 21:00:00,129.937,129.989,129.860,129.936,1016
2023-02-01 22:00:00,129.936,129.956,129.853,129.938,940
2023-02-01 23:00:00,129.938,129.988,129.901,129.936,1137
2023-02-02 00:00:00,129.936,129.966,129.892,129.938,1095
2023-02-02 01:00:00,129.938,129.971,129.882,129.939,876
2023-02-02 02:00:00,129.939,129.941,129.936,129.938,1020
2023-02-02 03:00:00,129.938,129.959,129.929,129.939,1185
2023-02-02 04:00:00,129.939,129.969,129.908,129.940,1138
2023-02-02 05:00:00,129.940,129.954,129.940,129.942,931
2023-02-02 06:00:00,129.942,129.995,129.908,129.941,961
2023-02-02 07:00:00,129.941,129.951,129.884,129.940,868
2023-02-02 08:00:00,129.940,129.972,129.919,129.942,1033
2023-02-02 09:00:00,129.942,130.019,129.860,129.943,953
2023-02-02 10:00:00,129.943,129.967,129.838,129.941,1012
2023-02-02 11:00:00,129.941,129.953,129.921,129.942,906
2023-02-02 12:00:00,129.942,129.962,129.832,129.940,949
2023-02-02 13:00:00,129.940,129.952,129.931,129.941,1005
2023-02-02 14:00:00,129.941,130.020,129.861,129.941,1105
2023-02-02 15:00:00,129.941,129.971,129.940,129.940,1123
2023-02-02 16:00:00,129.940,129.994,129.846,129.941,878
2023-02-02 17:00:00,129.941,129.945,129.893,129.942,1003
2023-02-02 18:00:00,129.942,130.026,129.931,129.943,1026
2023-02-02 19:00:00,129.943,130.027,129.931,129.944,947
2023-02-02 20:00:00,129.944,130.007,129.898,129.943,867
2023-02-02 21:00:00,129.943,129.944,129.939,129.942,1164
2023-02-02 22:00:00,129.942,130.005,129.906,129.946,800
2023-02-02 23:00:00,129.946,130.052,129.930,129.948,891
2023-02-03 00:00:00,129.948,130.014,129.927,129.947,968
2023-02-03 01:00:00,129.947,129.967,129.905,129.947,1011
2023-02-03 02:00:00,129.947,129.962,129.882,129.946,1028
2023-02-03 03:00:00,129.946,129.949,129.802,129.946,1064
2023-02-03 04:00:00,129.946,130.015,129.894,129.947,931
2023-02-03 05:00:00,129.947,129.975,129.895,129.944,907
2023-02-03 06:00:00,129.944,130.026,129.853,129.945,1020
2023-02-03 07:00:00,129.945,129.950,129.935,129.946,960
2023-02-03 08:00:00,129.946,129.952,129.896,129.948,1064
2023-02-03 09:00:00,129.948,129.962,129.944,129.948,982
2023-02-03 10:00:00,129.948,129.953,129.895,129.946,1042
2023-02-03 11:00:00,129.946,129.995,129.910,129.947,977
2023-02-03 12:00:00,129.947,129.960,129.922,129.947,1126
2023-02-03 13:00:00,129.947,130.065,129.942,129.946,1126
2023-02-03 14:00:00,129.946,129.948,129.883,129.948,1042
2023-02-03 15:00:00,129.948,129.975,129.873,129.950,1049
2023-02-03 16:00:00,129.950,129.962,129.835,129.948,1048
2023-02-03 17:00:00,129.948,129.983,129.930,129.949,960
2023-02-03 18:00:00,129.949,129.979,129.879,129.949,918
2023-02-03 19:00:00,129.949,129.976,129.867,129.947,1042
2023-02-03 20:00:00,129.947,129.959,129.922,129.943,937
2023-02-03 21:00:00,129.943,129.970,129.862,129.940,1083
2023-02-03 22:00:00,129.940,129.970,129.899,129.938,1034
2023-02-03 23:00:00,129.938,129.972,129.904,129.938,803
2023-02-04 00:00:00,129.938,129.938,129.928,129.936,1172
2023-02-04 01:00:00,129.936,129.943,129.895,129.936,969
2023-02-04 02:00:00,129.936,129.991,129.928,129.934,1149
2023-02-04 03:00:00,129.934,129.960,129.917,129.937,1153
2023-02-04 04:00:00,129.937,129.957,129.929,129.939,1045
2023-02-04 05:00:00,129.939,129.949,129.921,129.940,1215
2023-02-04 06:00:00,129.940,129.942,129.873,129.937,973
2023-02-04 07:00:00,129.937,129.994,129.934,129.937,874
2023-02-04 08:00:00,129.937,129.980,129.926,129.933,876
2023-02-04 09:00:00,129.933,129.964,129.880,129.933,1003
2023-02-04 10:00:00,129.933,129.969,129.912,129.934,925
2023-02-04 11:00:00,129.934,129.942,129.907,129.935,912
2023-02-04 12:00:00,129.935,130.032,129.858,129.933,1195
2023-02-04 13:00:00,129.933,129.956,129.847,129.935,864
2023-02-04 14:00:00,129.935,129.959,129.896,129.936,976
2023-02-04 15:00:00,129.936,129.955,129.859,129.938,846
2023-02-04 16:00:00,129.938,130.070,129.901,129.937,1018
2023-02-04 17:00:00,129.937,129.972,129.935,129.937,1150
2023-02-04 18:00:00,129.937,129.964,129.914,129.939,1046
2023-02-04 19:00:00,129.939,130.022,129.866,129.940,930
2023-02-04 20:00:00,129.940,129.942,129.931,129.939,800
2023-02-04 21:00:00,129.939,129.951,129.934,129.943,921
2023-02-04 22:00:00,129.943,130.012,129.900,129.943,987
2023-02-04 23:00:00,129.943,130.001,129.929,129.944,1039
2023-02-05 00:00:00,129.944,129.945,129.922,129.938,943
2023-02-05 01:00:00,129.938,129.961,129.917,129.939,991
2023-02-05 02:00:00,129.939,129.964,129.833,129.941,1005
2023-02-05 03:00:00,129.941,130.022,129.896,129.940,896
2023-02-05 04:00:00,129.940,129.967,129.880,129.939,834
2023-02-05 05:00:00,129.939,129.988,129.909,129.939,1181
2023-02-05 06:00:00,129.939,129.942,129.881,129.940,930
2023-02-05 07:00:00,129.940,129.979,129.919,129.938,931
2023-02-05 08:00:00,129.938,129.966,129.921,129.939,864
2023-02-05 09:00:00,129.939,129.969,129.895,129.938,800
2023-02-05 10:00:00,129.938,129.941,129.923,129.940,1149
2023-02-05 11:00:00,129.940,129.968,129.866,129.942,1050
2023-02-05 12:00:00,129.942,130.032,129.892,129.943,1080
2023-02-05 13:00:00,129.943,129.975,129.904,129.939,1012
2023-02-05 14:00:00,129.939,129.978,129.876,129.938,917
2023-02-05 15:00:00,129.938,129.956,129.908,129.937,974
2023-02-05 16:00:00,129.937,129.961,129.904,129.938,1021
2023-02-05 17:00:00,129.938,130.018,129.907,129.943,963
2023-02-05 18:00:00,129.943,130.002,129.937,129.942,1047
2023-02-05 19:00:00,129.942,130.012,129.879,129.943,1010
2023-02-05 20:00:00,129.943,130.034,129.938,129.945,1152
2023-02-05 21:00:00,129.945,129.978,129.938,129.945,1055
2023-02-05 22:00:00,129.945,129.955,129.937,129.944,960
2023-02-05 23:00:00,129.944,129.949,129.939,129.943,951
2023-02-06 00:00:00,129.943,129.970,129.826,129.943,1000
2023-02-06 01:00:00,129.943,129.957,129.877,129.947,1020
2023-02-06 02:00:00,129.947,130.027,129.924,129.943,889
2023-02-06 03:00:00,129.943,129.991,129.935,129.942,918
2023-02-06 04:00:00,129.942,129.979,129.918,129.944,1157
2023-02-06 05:00:00,129.944,129.968,129.937,129.942,800
2023-02-06 06:00:00,129.942,129.989,129.916,129.943,1093
2023-02-06 07:00:00,129.943,129.961,129.866,129.938,852
2023-02-06 08:00:00,129.938,130.022,129.866,129.936,1079
2023-02-06 09:00:00,129.936,129.949,129.902,129.933,1009
2023-02-06 10:00:00,129.933,129.936,129.927,129.936,944
2023-02-06 11:00:00,129.936,129.947,129.891,129.933,1079
2023-02-06 12:00:00,129.933,129.943,129.916,129.934,811
2023-02-06 13:00:00,129.934,129.948,129.882,129.929,864
2023-02-06 14:00:00,129.929,129.954,129.912,129.932,1152
2023-02-06 15:00:00,129.932,129.955,129.890,129.932,1067
2023-02-06 16:00:00,129.932,129.967,129.887,129.932,927
2023-02-06 17:00:00,129.932,129.948,129.873,129.932,1221
2023-02-06 18:00:00,129.932,130.017,129.873,129.933,800
2023-02-06 19:00:00,129.933,129.944,129.914,129.936,893
2023-02-06 20:00:00,129.936,129.943,129.919,129.933,890
2023-02-06 21:00:00,129.933,130.008,129.883,129.932,977
2023-02-06 22:00:00,129.932,129.977,129.900,129.934,1115
2023-02-06 23:00:00,129.934,129.991,129.917,129.933,1067
2023-02-07 00:00:00,129.933,129.937,129.913,129.934,1346
2023-02-07 01:00:00,129.934,130.004,129.813,129.931,1043
2023-02-07 02:00:00,129.931,130.034,129.931,129.931,1046
2023-02-07 03:00:00,129.931,129.935,129.827,129.934,968
2023-02-07 04:00:00,129.934,129.964,129.834,129.934,1218
2023-02-07 05:00:00,129.934,130.050,129.913,129.932,886
2023-02-07 06:00:00,129.932,129.946,129.903,129.934,901
2023-02-07 07:00:00,129.934,129.983,129.767,129.936,985
2023-02-07 08:00:00,129.936,130.047,129.890,129.934,978
2023-02-07 09:00:00,129.934,129.977,129.910,129.933,1001
2023-02-07 10:00:00,129.933,129.956,129.899,129.930,1146
2023-02-07 11:00:00,129.930,130.003,129.905,129.930,1074
2023-02-07 12:00:00,129.930,129.950,129.901,129.932,1059
2023-02-07 13:00:00,129.932,129.983,129.852,129.933,1047
2023-02-07 14:00:00,129.933,129.945,129.898,129.934,904
2023-02-07 15:00:00,129.934,129.981,129.898,129.934,1035
2023-02-07 16:00:00,129.934,129.956,129.916,129.935,1024
2023-02-07 17:00:00,129.935,129.963,129.910,129.934,1018
2023-02-07 18:00:00,129.934,129.941,129.860,129.935,1151
2023-02-07 19:00:00,129.935,130.042,129.922,129.933,1077
2023-02-07 20:00:00,129.933,130.020,129.930,129.930,989
2023-02-07 21:00:00,129.930,129.969,129.911,129.930,903
2023-02-07 22:00:00,129.930,130.002,129.883,129.928,862
2023-02-07 23:00:00,129.928,129.964,129.893,129.931,882
2023-02-08 00:00:00,129.931,129.971,129.912,129.930,1097
2023-02-08 01:00:00,129.930,129.990,129.838,129.928,887
2023-02-08 02:00:00,129.928,129.952,129.862,129.931,962
2023-02-08 03:00:00,129.931,129.999,129.884,129.930,1117
2023-02-08 04:00:00,129.930,130.094,129.899,129.925,1005
2023-02-08 05:00:00,129.925,129.938,129.901,129.923,1050
2023-02-08 06:00:00,129.923,129.972,129.916,129.923,995
2023-02-08 07:00:00,129.923,130.018,129.857,129.922,1015
2023-02-08 08:00:00,129.922,129.930,129.832,129.921,883
2023-02-08 09:00:00,129.921,130.018,129.915,129.918,1067
2023-02-08 10:00:00,129.918,129.967,129.833,129.914,853
2023-02-08 11:00:00,129.914,129.970,129.856,129.915,989
2023-02-08 12:00:00,129.915,129.965,129.900,129.913,888
2023-02-08 13:00:00,129.913,129.961,129.873,129.912,1095
2023-02-08 14:00:00,129.912,129.933,129.897,129.913,997
2023-02-08 15:00:00,129.913,130.045,129.832,129.913,937
2023-02-08 16:00:00,129.913,129.933,129.841,129.912,1051
2023-02-08 17:00:00,129.912,129.921,129.896,129.912,1046
2023-02-08 18:00:00,129.912,129.982,129.860,129.913,947
2023-02-08 19:00:00,129.913,129.930,129.884,129.914,894
2023-02-08 20:00:00,129.914,129.971,129.821,129.912,1081
2023-02-08 21:00:00,129.912,129.953,129.882,129.912,852
2023-02-08 22:00:00,129.912,129.955,129.888,129.913,935
2023-02-08 23:00:00,129.913,129.933,129.903,129.911,1241
2023-02-09 00:00:00,129.911,129.916,129.816,129.909,955
2023-02-09 01:00:00,129.909,129.984,129.872,129.907,1002
2023-02-09 02:00:00,129.907,129.951,129.903,129.908,1045
2023-02-09 03:00:00,129.908,129.929,129.902,129.902,1104
2023-02-09 04:00:00,129.902,129.991,129.863,129.899,950
2023-02-09 05:00:00,129.899,129.989,129.894,129.900,843
2023-02-09 06:00:00,129.900,129.928,129.871,129.899,1068
2023-02-09 07:00:00,129.899,129.986,129.896,129.900,1130
2023-02-09 08:00:00,129.900,129.921,129.837,129.898,1160
2023-02-09 09:00:00,129.898,129.915,129.880,129.899,947
2023-02-09 10:00:00,129.899,129.914,129.879,129.899,1164
2023-02-09 11:00:00,129.899,129.913,129.887,129.896,1010
2023-02-09 12:00:00,129.896,129.917,129.891,129.894,906
2023-02-09 13:00:00,129.894,129.896,129.880,129.889,901
2023-02-09 14:00:00,129.889,129.929,129.817,129.891,979
2023-02-09 15:00:00,129.891,129.907,129.866,129.892,1079
2023-02-09 16:00:00,129.892,129.904,129.804,129.892,1048
2023-02-09 17:00:00,129.892,129.921,129.878,129.893,1051
2023-02-09 18:00:00,129.893,129.941,129.852,129.895,919
2023-02-09 19:00:00,129.895,129.987,129.781,129.895,1022
2023-02-09 20:00:00,129.895,129.986,129.884,129.898,993
2023-02-09 21:00:00,129.898,129.945,129.877,129.894,800
2023-02-09 22:00:00,129.894,129.940,129.843,129.895,888
2023-02-09 23:00:00,129.895,129.950,129.830,129.896,1034
2023-02-10 00:00:00,129.896,129.919,129.865,129.897,982
2023-02-10 01:00:00,129.897,129.902,129.880,129.901,1062
2023-02-10 02:00:00,129.901,129.966,129.857,129.899,1103
2023-02-10 03:00:00,129.899,129.946,129.858,129.895,879
2023-02-10 04:00:00,129.895,129.899,129.813,129.894,939
2023-02-10 05:00:00,129.894,129.922,129.869,129.894,822
2023-02-10 06:00:00,129.894,129.918,129.888,129.894,1004
2023-02-10 07:00:00,129.894,129.936,129.894,129.894,1100
2023-02-10 08:00:00,129.894,129.948,129.859,129.897,1073
2023-02-10 09:00:00,129.897,129.931,129.890,129.899,989
2023-02-10 10:00:00,129.899,129.957,129.795,129.899,1144
2023-02-10 11:00:00,129.899,129.933,129.879,129.901,1006
2023-02-10 12:00:00,129.901,130.018,129.885,129.902,1027
2023-02-10 13:00:00,129.902,129.915,129.821,129.901,870
2023-02-10 14:00:00,129.901,129.941,129.810,129.899,1051
2023-02-10 15:00:00,129.899,129.917,129.806,129.895,950
2023-02-10 16:00:00,129.895,129.931,129.890,129.899,939
2023-02-10 17:00:00,129.899,129.932,129.813,129.895,1045
2023-02-10 18:00:00,129.895,129.905,129.836,129.896,1105
2023-02-10 19:00:00,129.896,129.918,129.878,129.898,936
2023-02-10 20:00:00,129.898,129.906,129.873,129.898,954
2023-02-10 21:00:00,129.898,129.920,129.882,129.899,863
2023-02-10 22:00:00,129.899,129.947,129.890,129.899,974
2023-02-10 23:00:00,129.899,129.932,129.897,129.898,867
2023-02-11 00:00:00,129.898,129.941,129.876,129.899,987
2023-02-11 01:00:00,129.899,130.011,129.825,129.899,1144
2023-02-11 02:00:00,129.899,129.902,129.788,129.897,952
2023-02-11 03:00:00,129.897,130.005,129.891,129.896,1096
2023-02-11 04:00:00,129.896,129.911,129.855,129.893,1123
2023-02-11 05:00:00,129.893,129.934,129.835,129.892,1016
2023-02-11 06:00:00,129.892,129.923,129.835,129.895,923
2023-02-11 07:00:00,129.895,129.909,129.845,129.896,811
2023-02-11 08:00:00,129.896,129.968,129.852,129.896,1182
2023-02-11 09:00:00,129.896,129.929,129.873,129.894,938
2023-02-11 10:00:00,129.894,129.982,129.876,129.894,892
2023-02-11 11:00:00,129.894,129.953,129.884,129.893,965
2023-02-11 12:00:00,129.893,129.920,129.811,129.895,1145
2023-02-11 13:00:00,129.895,129.941,129.868,129.895,939
2023-02-11 14:00:00,129.895,129.915,129.870,129.894,976
2023-02-11 15:00:00,129.894,129.913,129.849,129.896,883
2023-02-11 16:00:00,129.896,129.990,129.894,129.895,1099
2023-02-11 17:00:00,129.895,129.935,129.885,129.895,1016
2023-02-11 18:00:00,129.895,129.977,129.865,129.896,1093
2023-02-11 19:00:00,129.896,129.931,129.874,129.896,1002
2023-02-11 20:00:00,129.896,129.939,129.877,129.897,971
2023-02-11 21:00:00,129.897,129.992,129.876,129.894,1013
2023-02-11 22:00:00,129.894,129.926,129.809,129.891,800
2023-02-11 23:00:00,129.891,129.894,129.823,129.893,955
2023-02-12 00:00:00,129.893,129.926,129.853,129.891,996
2023-02-12 01:00:00,129.891,129.908,129.864,129.892,932
2023-02-12 02:00:00,129.892,129.898,129.817,129.896,1032
2023-02-12 03:00:00,129.896,129.928,129.875,129.897,946
2023-02-12 04:00:00,129.897,129.930,129.812,129.897,1179
2023-02-12 05:00:00,129.897,129.955,129.855,129.895,1155
2023-02-12 06:00:00,129.895,129.945,129.881,129.891,907
2023-02-12 07:00:00,129.891,129.910,129.830,129.891,951
2023-02-12 08:00:00,129.891,129.932,129.879,129.893,971
2023-02-12 09:00:00,129.893,129.941,129.856,129.889,936
2023-02-12 10:00:00,129.889,129.896,129.824,129.886,989
2023-02-12 11:00:00,129.886,129.918,129.858,129.883,1170
2023-02-12 12:00:00,129.883,129.939,129.881,129.882,800
2023-02-12 13:00:00,129.882,129.887,129.881,129.883,1184
2023-02-12 14:00:00,129.883,129.892,129.826,129.880,920
2023-02-12 15:00:00,129.880,129.960,129.818,129.880,945
2023-02-12 16:00:00,129.880,129.928,129.860,129.880,1047
2023-02-12 17:00:00,129.880,129.942,129.797,129.885,940
2023-02-12 18:00:00,129.885,129.905,129.859,129.884,1139
2023-02-12 19:00:00,129.884,129.936,129.811,129.883,987
2023-02-12 20:00:00,129.883,129.900,129.868,129.880,1066
2023-02-12 21:00:00,129.880,129.892,129.847,129.879,1149
2023-02-12 22:00:00,129.879,129.920,129.806,129.875,1080
2023-02-12 23:00:00,129.875,129.876,129.811,129.871,1139
2023-02-13 00:00:00,129.871,129.926,129.797,129.871,898
2023-02-13 01:00:00,129.871,129.888,129.842,129.870,1072
2023-02-13 02:00:00,129.870,129.921,129.789,129.868,1014
2023-02-13 03:00:00,129.868,129.877,129.808,129.870,1025
2023-02-13 04:00:00,129.870,129.882,129.830,129.869,1066
2023-02-13 05:00:00,129.869,129.870,129.843,129.868,1039
2023-02-13 06:00:00,129.868,129.896,129.847,129.868,1101
2023-02-13 07:00:00,129.868,129.896,129.809,129.870,945
2023-02-13 08:00:00,129.870,129.923,129.831,129.871,1015
2023-02-13 09:00:00,129.871,129.877,129.830,129.871,970
2023-02-13 10:00:00,129.871,129.919,129.843,129.872,1063
2023-02-13 11:00:00,129.872,129.875,129.794,129.871,978
2023-02-13 12:00:00,129.871,129.883,129.829,129.870,835
2023-02-13 13:00:00,129.870,129.882,129.807,129.868,892
2023-02-13 14:00:00,129.868,129.898,129.767,129.867,1023
2023-02-13 15:00:00,129.867,129.948,129.846,129.871,975
2023-02-13 16:00:00,129.871,129.933,129.860,129.866,800
2023-02-13 17:00:00,129.866,129.872,129.821,129.867,957
2023-02-13 18:00:00,129.867,129.879,129.852,129.866,899
2023-02-13 19:00:00,129.866,129.910,129.834,129.864,1005
2023-02-13 20:00:00,129.864,129.881,129.823,129.865,1102
2023-02-13 21:00:00,129.865,129.895,129.780,129.868,800
2023-02-13 22:00:00,129.868,129.971,129.833,129.869,1096
2023-02-13 23:00:00,129.869,129.941,129.782,129.869,910
2023-02-14 00:00:00,129.869,129.949,129.815,129.870,1091
2023-02-14 01:00:00,129.870,129.903,129.724,129.871,800
2023-02-14 02:00:00,129.871,129.921,129.867,129.873,800
2023-02-14 03:00:00,129.873,129.880,129.841,129.876,1063
2023-02-14 04:00:00,129.876,129.947,129.855,129.873,926
2023-02-14 05:00:00,129.873,129.904,129.864,129.876,952
2023-02-14 06:00:00,129.876,129.884,129.811,129.878,888
2023-02-14 07:00:00,129.878,129.881,129.803,129.875,955
2023-02-14 08:00:00,129.875,129.930,129.855,129.877,1024
2023-02-14 09:00:00,129.877,129.890,129.854,129.879,1081
2023-02-14 10:00:00,129.879,129.921,129.872,129.883,1112
2023-02-14 11:00:00,129.883,129.953,129.810,129.883,1087
2023-02-14 12:00:00,129.883,129.909,129.874,129.884,1124
2023-02-14 13:00:00,129.884,129.906,129.868,129.883,990
2023-02-14 14:00:00,129.883,129.893,129.880,129.883,1023
2023-02-14 15:00:00,129.883,129.911,129.879,129.884,1160
2023-02-14 16:00:00,129.884,129.896,129.833,129.885,975
2023-02-14 17:00:00,129.885,129.902,129.846,129.885,888
2023-02-14 18:00:00,129.885,129.911,129.766,129.888,910
2023-02-14 19:00:00,129.888,129.900,129.857,129.887,1159
2023-02-14 20:00:00,129.887,130.008,129.814,129.890,988
2023-02-14 21:00:00,129.890,129.905,129.864,129.888,908
2023-02-14 22:00:00,129.888,129.952,129.798,129.891,1025
2023-02-14 23:00:00,129.891,129.948,129.799,129.889,961
2023-02-15 00:00:00,129.889,129.926,129.812,129.888,1090
2023-02-15 01:00:00,129.888,129.971,129.874,129.887,1009
2023-02-15 02:00:00,129.887,129.899,129.844,129.888,997
2023-02-15 03:00:00,129.888,129.925,129.770,129.887,1028
2023-02-15 04:00:00,129.887,129.940,129.864,129.890,1101
2023-02-15 05:00:00,129.890,129.920,129.830,129.892,944
2023-02-15 06:00:00,129.892,129.973,129.790,129.893,1036
2023-02-15 07:00:00,129.893,129.905,129.806,129.886,1091
2023-02-15 08:00:00,129.886,129.893,129.883,129.886,930
2023-02-15 09:00:00,129.886,129.901,129.872,129.885,1255
2023-02-15 10:00:00,129.885,129.919,129.836,129.887,972
2023-02-15 11:00:00,129.887,129.924,129.867,129.883,800
2023-02-15 12:00:00,129.883,129.952,129.796,129.883,1003
2023-02-15 13:00:00,129.883,129.899,129.842,129.885,1203
2023-02-15 14:00:00,129.885,129.916,129.878,129.886,1256
2023-02-15 15:00:00,129.886,129.894,129.834,129.889,828
2023-02-15 16:00:00,129.889,129.962,129.837,129.890,867
2023-02-15 17:00:00,129.890,129.934,129.861,129.889,888
2023-02-15 18:00:00,129.889,129.924,129.842,129.885,947
2023-02-15 19:00:00,129.885,129.916,129.875,129.886,1092
2023-02-15 20:00:00,129.886,129.968,129.806,129.889,1061
2023-02-15 21:00:00,129.889,129.922,129.833,129.888,975
2023-02-15 22:00:00,129.888,129.934,129.864,129.888,911
2023-02-15 23:00:00,129.888,129.971,129.835,129.887,895
2023-02-16 00:00:00,129.887,129.938,129.866,129.889,878
2023-02-16 01:00:00,129.889,129.935,129.886,129.892,852
2023-02-16 02:00:00,129.892,129.900,129.857,129.888,985
2023-02-16 03:00:00,129.888,129.927,129.869,129.887,1009
2023-02-16 04:00:00,129.887,129.900,129.791,129.885,816
2023-02-16 05:00:00,129.885,129.957,129.834,129.885,800
2023-02-16 06:00:00,129.885,129.894,129.847,129.884,1041
2023-02-16 07:00:00,129.884,129.932,129.881,129.883,1131
2023-02-16 08:00:00,129.883,129.902,129.850,129.886,1158
2023-02-16 09:00:00,129.886,129.891,129.818,129.884,887
2023-02-16 10:00:00,129.884,129.889,129.846,129.886,927
2023-02-16 11:00:00,129.886,129.920,129.841,129.888,1087
2023-02-16 12:00:00,129.888,129.936,129.834,129.890,1120
2023-02-16 13:00:00,129.890,129.901,129.851,129.893,1068
2023-02-16 14:00:00,129.893,129.918,129.891,129.895,1240
2023-02-16 15:00:00,129.895,129.907,129.830,129.894,1105
2023-02-16 16:00:00,129.894,129.911,129.854,129.896,863
2023-02-16 17:00:00,129.896,129.907,129.857,129.895,1087
2023-02-16 18:00:00,129.895,129.936,129.787,129.892,989
2023-02-16 19:00:00,129.892,129.918,129.881,129.888,887
2023-02-16 20:00:00,129.888,129.917,129.874,129.890,945
2023-02-16 21:00:00,129.890,129.903,129.868,129.890,944
2023-02-16 22:00:00,129.890,129.938,129.868,129.888,1143
2023-02-16 23:00:00,129.888,129.918,129.857,129.886,947
2023-02-17 00:00:00,129.886,129.957,129.858,129.887,1071
2023-02-17 01:00:00,129.887,129.910,129.861,129.887,1063
2023-02-17 02:00:00,129.887,129.891,129.874,129.883,1097
2023-02-17 03:00:00,129.883,129.962,129.831,129.885,851
2023-02-17 04:00:00,129.885,129.930,129.799,129.881,947
2023-02-17 05:00:00,129.881,129.940,129.831,129.880,1067
2023-02-17 06:00:00,129.880,129.914,129.830,129.885,1008
2023-02-17 07:00:00,129.885,129.937,129.830,129.886,964
2023-02-17 08:00:00,129.886,129.903,129.878,129.891,1029
2023-02-17 09:00:00,129.891,129.909,129.857,129.894,1058
2023-02-17 10:00:00,129.894,129.942,129.840,129.894,1107
2023-02-17 11:00:00,129.894,129.929,129.780,129.892,1140
2023-02-17 12:00:00,129.892,129.926,129.890,129.892,1043
2023-02-17 13:00:00,129.892,129.948,129.872,129.889,967
2023-02-17 14:00:00,129.889,129.973,129.842,129.889,949
2023-02-17 15:00:00,129.889,129.962,129.813,129.893,1133
2023-02-17 16:00:00,129.893,129.930,129.840,129.895,965
2023-02-17 17:00:00,129.895,129.904,129.839,129.897,960
2023-02-17 18:00:00,129.897,129.986,129.831,129.900,928
2023-02-17 19:00:00,129.900,129.906,129.873,129.899,1165
2023-02-17 20:00:00,129.899,129.905,129.834,129.898,864
2023-02-17 21:00:00,129.898,129.900,129.845,129.897,982
2023-02-17 22:00:00,129.897,129.926,129.875,129.898,949
2023-02-17 23:00:00,129.898,130.039,129.888,129.896,920
2023-02-18 00:00:00,129.896,129.928,129.840,129.893,1121
2023-02-18 01:00:00,129.893,129.908,129.875,129.892,960
2023-02-18 02:00:00,129.892,129.914,129.889,129.892,909
2023-02-18 03:00:00,129.892,129.941,129.871,129.893,969
2023-02-18 04:00:00,129.893,129.913,129.825,129.893,971
2023-02-18 05:00:00,129.893,129.948,129.858,129.892,908
2023-02-18 06:00:00,129.892,129.935,129.878,129.892,1274
2023-02-18 07:00:00,129.892,129.988,129.843,129.895,1187
2023-02-18 08:00:00,129.895,129.902,129.853,129.894,1092
2023-02-18 09:00:00,129.894,129.918,129.853,129.892,849
2023-02-18 10:00:00,129.892,129.895,129.832,129.893,910
2023-02-18 11:00:00,129.893,129.987,129.872,129.890,1041
2023-02-18 12:00:00,129.890,129.940,129.855,129.888,1043
2023-02-18 13:00:00,129.888,129.889,129.813,129.885,1123
2023-02-18 14:00:00,129.885,129.907,129.861,129.884,890
2023-02-18 15:00:00,129.884,129.890,129.844,129.881,992
2023-02-18 16:00:00,129.881,129.883,129.841,129.881,800
2023-02-18 17:00:00,129.881,129.958,129.833,129.882,1220
2023-02-18 18:00:00,129.882,129.893,129.848,129.885,978
2023-02-18 19:00:00,129.885,129.902,129.875,129.883,1004
2023-02-18 20:00:00,129.883,129.931,129.847,129.883,974
2023-02-18 21:00:00,129.883,129.899,129.847,129.883,922
2023-02-18 22:00:00,129.883,129.932,129.844,129.877,987
2023-02-18 23:00:00,129.877,129.938,129.864,129.879,990
2023-02-19 00:00:00,129.879,129.909,129.868,129.885,1045
2023-02-19 01:00:00,129.885,129.945,129.881,129.886,1105
2023-02-19 02:00:00,129.886,129.905,129.838,129.884,1079
2023-02-19 03:00:00,129.884,129.954,129.836,129.882,937
2023-02-19 04:00:00,129.882,129.907,129.861,129.884,926
2023-02-19 05:00:00,129.884,129.968,129.869,129.887,1147
2023-02-19 06:00:00,129.887,129.929,129.872,129.886,1143
2023-02-19 07:00:00,129.886,129.901,129.866,129.887,869
2023-02-19 08:00:00,129.887,129.906,129.813,129.885,963
2023-02-19 09:00:00,129.885,129.924,129.883,129.888,1034
2023-02-19 10:00:00,129.888,129.903,129.876,129.890,1095
2023-02-19 11:00:00,129.890,129.903,129.823,129.891,935
2023-02-19 12:00:00,129.891,129.954,129.817,129.891,1260
2023-02-19 13:00:00,129.891,129.956,129.872,129.891,982
2023-02-19 14:00:00,129.891,129.899,129.828,129.894,991
2023-02-19 15:00:00,129.894,129.933,129.851,129.894,979
2023-02-19 16:00:00,129.894,129.896,129.823,129.894,953
2023-02-19 17:00:00,129.894,129.906,129.893,129.896,1059
2023-02-19 18:00:00,129.896,129.936,129.885,129.891,943
2023-02-19 19:00:00,129.891,129.922,129.794,129.889,855
2023-02-19 20:00:00,129.889,129.939,129.870,129.891,896
2023-02-19 21:00:00,129.891,129.911,129.886,129.887,989
2023-02-19 22:00:00,129.887,129.924,129.864,129.885,1039
2023-02-19 23:00:00,129.885,129.932,129.857,129.882,1096
2023-02-20 00:00:00,129.882,129.900,129.875,129.883,1248
2023-02-20 01:00:00,129.883,129.902,129.820,129.883,960
2023-02-20 02:00:00,129.883,129.894,129.870,129.884,1019
2023-02-20 03:00:00,129.884,129.886,129.880,129.885,975
2023-02-20 04:00:00,129.885,129.954,129.857,129.885,958
2023-02-20 05:00:00,129.885,129.983,129.848,129.885,909
2023-02-20 06:00:00,129.885,129.887,129.800,129.885,894
2023-02-20 07:00:00,129.885,129.894,129.872,129.886,1205
2023-02-20 08:00:00,129.886,129.889,129.872,129.889,1004
2023-02-20 09:00:00,129.889,129.953,129.859,129.892,936
2023-02-20 10:00:00,129.892,130.032,129.851,129.893,998
2023-02-20 11:00:00,129.893,129.915,129.882,129.894,905
2023-02-20 12:00:00,129.894,129.923,129.886,129.895,935
2023-02-20 13:00:00,129.895,130.003,129.844,129.893,1072
2023-02-20 14:00:00,129.893,130.028,129.888,129.896,1165
2023-02-20 15:00:00,129.896,129.897,129.872,129.896,975
2023-02-20 16:00:00,129.896,129.901,129.829,129.894,1029
2023-02-20 17:00:00,129.894,129.905,129.862,129.893,1197
2023-02-20 18:00:00,129.893,129.910,129.883,129.894,954
2023-02-20 19:00:00,129.894,129.921,129.881,129.891,1049
2023-02-20 20:00:00,129.891,129.959,129.803,129.889,1095
2023-02-20 21:00:00,129.889,129.894,129.868,129.888,1046
2023-02-20 22:00:00,129.888,129.972,129.813,129.889,1063
2023-02-20 23:00:00,129.889,129.910,129.855,129.887,964
2023-02-21 00:00:00,129.887,129.953,129.854,129.887,874
2023-02-21 01:00:00,129.887,129.932,129.840,129.886,1163
2023-02-21 02:00:00,129.886,129.889,129.874,129.885,1023
2023-02-21 03:00:00,129.885,129.909,129.845,129.886,875
2023-02-21 04:00:00,129.886,129.955,129.816,129.887,835
2023-02-21 05:00:00,129.887,129.907,129.854,129.890,1053
2023-02-21 06:00:00,129.890,129.915,129.816,129.892,970
2023-02-21 07:00:00,129.892,129.900,129.769,129.892,1021
2023-02-21 08:00:00,129.892,129.919,129.809,129.892,870
2023-02-21 09:00:00,129.892,129.929,129.873,129.893,1039
2023-02-21 10:00:00,129.893,129.906,129.776,129.893,987
2023-02-21 11:00:00,129.893,129.959,129.861,129.890,1016
2023-02-21 12:00:00,129.890,129.933,129.815,129.891,974
2023-02-21 13:00:00,129.891,129.905,129.884,129.891,993
2023-02-21 14:00:00,129.891,129.983,129.878,129.892,1061
2023-02-21 15:00:00,129.892,129.904,129.767,129.892,954
2023-02-21 16:00:00,129.892,129.893,129.878,129.892,908
2023-02-21 17:00:00,129.892,129.923,129.842,129.893,1081
2023-02-21 18:00:00,129.893,129.894,129.805,129.891,1090
2023-02-21 19:00:00,129.891,129.920,129.815,129.894,946
2023-02-21 20:00:00,129.894,129.921,129.879,129.892,853
2023-02-21 21:00:00,129.892,129.932,129.849,129.891,1085
2023-02-21 22:00:00,129.891,129.913,129.890,129.893,1002
2023-02-21 23:00:00,129.893,129.978,129.853,129.894,955
2023-02-22 00:00:00,129.894,130.011,129.887,129.895,1062
2023-02-22 01:00:00,129.895,129.949,129.876,129.896,954
2023-02-22 02:00:00,129.896,129.946,129.843,129.893,958
2023-02-22 03:00:00,129.893,129.911,129.736,129.893,881
2023-02-22 04:00:00,129.893,129.931,129.882,129.889,1018
2023-02-22 05:00:00,129.889,129.934,129.801,129.892,985
2023-02-22 06:00:00,129.892,129.941,129.870,129.890,951
2023-02-22 07:00:00,129.890,129.933,129.834,129.890,1160
2023-02-22 08:00:00,129.890,129.896,129.885,129.888,972
2023-02-22 09:00:00,129.888,129.986,129.829,129.890,876
2023-02-22 10:00:00,129.890,129.919,129.865,129.890,1134
2023-02-22 11:00:00,129.890,129.898,129.871,129.892,1091
2023-02-22 12:00:00,129.892,129.966,129.849,129.890,1180
2023-02-22 13:00:00,129.890,129.963,129.862,129.890,1063
2023-02-22 14:00:00,129.890,129.919,129.874,129.885,981
2023-02-22 15:00:00,129.885,129.957,129.859,129.886,902
2023-02-22 16:00:00,129.886,129.976,129.883,129.890,822
2023-02-22 17:00:00,129.890,129.898,129.793,129.892,1184
2023-02-22 18:00:00,129.892,129.899,129.879,129.895,950
2023-02-22 19:00:00,129.895,129.916,129.847,129.896,1081
2023-02-22 20:00:00,129.896,129.902,129.894,129.895,1055
2023-02-22 21:00:00,129.895,129.926,129.870,129.893,963
2023-02-22 22:00:00,129.893,129.934,129.872,129.889,1167
2023-02-22 23:00:00,129.889,129.926,129.878,129.887,982
2023-02-23 00:00:00,129.887,129.948,129.873,129.888,1047
2023-02-23 01:00:00,129.888,129.954,129.858,129.884,999
2023-02-23 02:00:00,129.884,129.888,129.877,129.887,1011
2023-02-23 03:00:00,129.887,129.958,129.872,129.887,1008
2023-02-23 04:00:00,129.887,129.904,129.820,129.889,981
2023-02-23 05:00:00,129.889,129.956,129.854,129.888,894
2023-02-23 06:00:00,129.888,129.924,129.827,129.890,920
2023-02-23 07:00:00,129.890,129.998,129.839,129.889,1027
2023-02-23 08:00:00,129.889,129.925,129.859,129.887,1003
2023-02-23 09:00:00,129.887,129.892,129.868,129.886,1003
2023-02-23 10:00:00,129.886,129.931,129.869,129.885,896
2023-02-23 11:00:00,129.885,129.939,129.843,129.888,1000
2023-02-23 12:00:00,129.888,129.933,129.864,129.891,1047
2023-02-23 13:00:00,129.891,129.904,129.823,129.892,894
2023-02-23 14:00:00,129.892,129.898,129.857,129.886,1030
2023-02-23 15:00:00,129.886,129.890,129.874,129.888,946
2023-02-23 16:00:00,129.888,129.913,129.862,129.889,977
2023-02-23 17:00:00,129.889,129.983,129.867,129.888,882
2023-02-23 18:00:00,129.888,129.893,129.809,129.889,1012
2023-02-23 19:00:00,129.889,129.926,129.827,129.892,917
2023-02-23 20:00:00,129.892,129.945,129.860,129.889,1048
2023-02-23 21:00:00,129.889,129.914,129.848,129.891,1094
2023-02-23 22:00:00,129.891,129.980,129.850,129.892,1113
2023-02-23 23:00:00,129.892,129.922,129.882,129.893,1108
2023-02-24 00:00:00,129.893,129.896,129.877,129.891,978
2023-02-24 01:00:00,129.891,129.971,129.859,129.892,1049
2023-02-24 02:00:00,129.892,129.957,129.859,129.890,824
2023-02-24 03:00:00,129.890,129.890,129.853,129.887,1072
2023-02-24 04:00:00,129.887,129.892,129.867,129.885,992
2023-02-24 05:00:00,129.885,129.950,129.876,129.883,1053
2023-02-24 06:00:00,129.883,129.955,129.819,129.884,1051
2023-02-24 07:00:00,129.884,129.905,129.854,129.883,989
2023-02-24 08:00:00,129.883,129.886,129.858,129.881,1203
2023-02-24 09:00:00,129.881,129.930,129.875,129.883,824
2023-02-24 10:00:00,129.883,129.910,129.772,129.883,865
2023-02-24 11:00:00,129.883,129.913,129.853,129.883,890
2023-02-24 12:00:00,129.883,129.886,129.833,129.884,1130
2023-02-24 13:00:00,129.884,129.895,129.775,129.884,944
2023-02-24 14:00:00,129.884,129.909,129.845,129.885,1031
2023-02-24 15:00:00,129.885,129.896,129.827,129.884,1066
2023-02-24 16:00:00,129.884,129.939,129.866,129.884,1158
2023-02-24 17:00:00,129.884,129.927,129.862,129.882,1115
2023-02-24 18:00:00,129.882,129.967,129.792,129.882,923
2023-02-24 19:00:00,129.882,129.910,129.822,129.883,865
2023-02-24 20:00:00,129.883,129.886,129.801,129.881,1016
2023-02-24 21:00:00,129.881,130.017,129.871,129.882,936
2023-02-24 22:00:00,129.882,129.899,129.773,129.882,1178
2023-02-24 23:00:00,129.882,129.896,129.871,129.882,1025
2023-02-25 00:00:00,129.882,129.893,129.793,129.883,1194
2023-02-25 01:00:00,129.883,129.917,129.835,129.881,800
2023-02-25 02:00:00,129.881,129.930,129.836,129.880,878
2023-02-25 03:00:00,129.880,129.888,129.865,129.881,988
2023-02-25 04:00:00,129.881,129.917,129.859,129.883,1134
2023-02-25 05:00:00,129.883,129.962,129.810,129.879,960
2023-02-25 06:00:00,129.879,129.908,129.784,129.879,996
2023-02-25 07:00:00,129.879,129.900,129.841,129.878,1023
2023-02-25 08:00:00,129.878,129.922,129.841,129.876,1026
2023-02-25 09:00:00,129.876,129.905,129.857,129.874,975
2023-02-25 10:00:00,129.874,129.920,129.835,129.876,1021
2023-02-25 11:00:00,129.876,129.941,129.817,129.877,1047
2023-02-25 12:00:00,129.877,129.958,129.874,129.880,871
2023-02-25 13:00:00,129.880,129.899,129.872,129.877,1152
2023-02-25 14:00:00,129.877,129.967,129.844,129.876,854
2023-02-25 15:00:00,129.876,129.893,129.822,129.876,956
2023-02-25 16:00:00,129.876,129.931,129.846,129.874,1088
2023-02-25 17:00:00,129.874,129.951,129.858,129.874,908
2023-02-25 18:00:00,129.874,129.874,129.740,129.869,1068
2023-02-25 19:00:00,129.869,129.920,129.850,129.871,954
2023-02-25 20:00:00,129.871,129.940,129.764,129.873,1095
2023-02-25 21:00:00,129.873,129.883,129.853,129.874,1012
2023-02-25 22:00:00,129.874,129.884,129.870,129.874,1147
2023-02-25 23:00:00,129.874,129.882,129.862,129.872,1066
2023-02-26 00:00:00,129.872,129.918,129.809,129.872,956
2023-02-26 01:00:00,129.872,129.945,129.837,129.871,1061
2023-02-26 02:00:00,129.871,129.876,129.870,129.870,800
2023-02-26 03:00:00,129.870,129.907,129.818,129.871,1068
2023-02-26 04:00:00,129.871,129.881,129.848,129.867,986
2023-02-26 05:00:00,129.867,129.915,129.858,129.869,1061
2023-02-26 06:00:00,129.869,129.881,129.867,129.868,882
2023-02-26 07:00:00,129.868,129.916,129.846,129.868,952
2023-02-26 08:00:00,129.868,129.895,129.816,129.867,985
2023-02-26 09:00:00,129.867,129.897,129.817,129.867,1016
2023-02-26 10:00:00,129.867,129.918,129.786,129.867,1028
2023-02-26 11:00:00,129.867,129.922,129.846,129.867,1065
2023-02-26 12:00:00,129.867,129.904,129.843,129.865,986
2023-02-26 13:00:00,129.865,129.913,129.763,129.863,1170
2023-02-26 14:00:00,129.863,129.904,129.768,129.864,1036
2023-02-26 15:00:00,129.864,129.890,129.859,129.867,800
2023-02-26 16:00:00,129.867,129.888,129.766,129.865,953
2023-02-26 17:00:00,129.865,129.926,129.850,129.866,1228
2023-02-26 18:00:00,129.866,129.868,129.819,129.867,1104
2023-02-26 19:00:00,129.867,129.921,129.822,129.867,1022
2023-02-26 20:00:00,129.867,129.920,129.838,129.870,991
2023-02-26 21:00:00,129.870,129.887,129.861,129.870,848
2023-02-26 22:00:00,129.870,129.874,129.802,129.872,847
2023-02-26 23:00:00,129.872,129.882,129.802,129.870,1053
2023-02-27 00:00:00,129.870,129.888,129.798,129.865,1012
2023-02-27 01:00:00,129.865,129.906,129.863,129.865,1003
2023-02-27 02:00:00,129.865,129.920,129.837,129.865,985
2023-02-27 03:00:00,129.865,129.991,129.781,129.868,845
2023-02-27 04:00:00,129.868,129.974,129.841,129.868,1003
2023-02-27 05:00:00,129.868,129.873,129.811,129.865,929
2023-02-27 06:00:00,129.865,129.897,129.787,129.864,1016
2023-02-27 07:00:00,129.864,129.898,129.861,129.863,1053
2023-02-27 08:00:00,129.863,129.864,129.852,129.864,1010
2023-02-27 09:00:00,129.864,129.917,129.780,129.865,960
2023-02-27 10:00:00,129.865,129.918,129.846,129.864,1009
2023-02-27 11:00:00,129.864,129.877,129.832,129.862,984
2023-02-27 12:00:00,129.862,129.893,129.824,129.862,879
2023-02-27 13:00:00,129.862,129.904,129.789,129.864,1032
2023-02-27 14:00:00,129.864,129.886,129.853,129.866,1128
2023-02-27 15:00:00,129.866,129.893,129.701,129.865,891
2023-02-27 16:00:00,129.865,129.945,129.768,129.864,966
2023-02-27 17:00:00,129.864,129.931,129.855,129.865,974
2023-02-27 18:00:00,129.865,129.954,129.799,129.865,935
2023-02-27 19:00:00,129.865,129.924,129.826,129.865,1060
2023-02-27 20:00:00,129.865,129.872,129.864,129.864,975
2023-02-27 21:00:00,129.864,129.972,129.854,129.861,989
2023-02-27 22:00:00,129.861,129.942,129.789,129.860,951
2023-02-27 23:00:00,129.860,129.961,129.810,129.857,928
2023-02-28 00:00:00,129.857,129.866,129.816,129.859,986
2023-02-28 01:00:00,129.859,129.869,129.839,129.856,878
2023-02-28 02:00:00,129.856,129.900,129.753,129.854,800
2023-02-28 03:00:00,129.854,129.878,129.839,129.855,1056
2023-02-28 04:00:00,129.855,129.857,129.791,129.854,993
2023-02-28 05:00:00,129.854,129.862,129.770,129.855,1022
2023-02-28 06:00:00,129.855,129.866,129.808,129.856,829
2023-02-28 07:00:00,129.856,129.951,129.829,129.854,1193
2023-02-28 08:00:00,129.854,129.870,129.834,129.855,1037
2023-02-28 09:00:00,129.855,129.858,129.814,129.855,983
2023-02-28 10:00:00,129.855,129.942,129.846,129.852,1010
2023-02-28 11:00:00,129.852,129.872,129.831,129.850,967
2023-02-28 12:00:00,129.850,129.866,129.834,129.850,1014
2023-02-28 13:00:00,129.850,129.910,129.820,129.854,871
2023-02-28 14:00:00,129.854,129.856,129.840,129.853,945
2023-02-28 15:00:00,129.853,129.928,129.784,129.858,964
2023-02-28 16:00:00,129.858,129.883,129.817,129.855,1085
2023-02-28 17:00:00,129.855,129.856,129.817,129.853,1102
2023-02-28 18:00:00,129.853,129.900,129.841,129.854,1137
2023-02-28 19:00:00,129.854,129.896,129.837,129.855,1005
2023-02-28 20:00:00,129.855,129.873,129.796,129.856,986
2023-02-28 21:00:00,129.856,129.863,129.819,129.859,970
2023-02-28 22:00:00,129.859,129.889,129.831,129.855,1149
2023-02-28 23:00:00,129.855,129.910,129.788,129.854,904
2023-03-01 00:00:00,129.854,129.930,129.838,129.853,1019
2023-03-01 01:00:00,129.853,129.926,129.795,129.851,1049
2023-03-01 02:00:00,129.851,129.855,129.841,129.853,1126
2023-03-01 03:00:00,129.853,129.913,129.766,129.854,954
2023-03-01 04:00:00,129.854,129.879,129.805,129.853,1080
2023-03-01 05:00:00,129.853,129.864,129.830,129.854,1108
2023-03-01 06:00:00,129.854,129.900,129.817,129.847,1110
2023-03-01 07:00:00,129.847,129.874,129.798,129.846,968
2023-03-01 08:00:00,129.846,129.851,129.801,129.844,911
2023-03-01 09:00:00,129.844,129.915,129.837,129.845,967
2023-03-01 10:00:00,129.845,129.878,129.805,129.851,1036
2023-03-01 11:00:00,129.851,129.877,129.747,129.850,983
2023-03-01 12:00:00,129.850,129.872,129.788,129.850,1035
2023-03-01 13:00:00,129.850,129.883,129.803,129.847,1023
2023-03-01 14:00:00,129.847,129.863,129.839,129.847,1013
2023-03-01 15:00:00,129.847,129.857,129.844,129.848,1060
2023-03-01 16:00:00,129.848,129.854,129.776,129.849,1114
2023-03-01 17:00:00,129.849,129.864,129.838,129.850,966
2023-03-01 18:00:00,129.850,129.884,129.757,129.850,1013
2023-03-01 19:00:00,129.850,129.914,129.801,129.851,800
2023-03-01 20:00:00,129.851,129.863,129.833,129.849,901
2023-03-01 21:00:00,129.849,129.849,129.814,129.847,986
2023-03-01 22:00:00,129.847,129.880,129.808,129.847,1106
2023-03-01 23:00:00,129.847,129.865,129.836,129.847,847
2023-03-02 00:00:00,129.847,129.892,129.814,129.848,1098
2023-03-02 01:00:00,129.848,129.863,129.824,129.847,910
2023-03-02 02:00:00,129.847,129.875,129.843,129.847,911
2023-03-02 03:00:00,129.847,129.906,129.808,129.846,1169
2023-03-02 04:00:00,129.846,129.875,129.819,129.843,1088
2023-03-02 05:00:00,129.843,129.846,129.792,129.843,1046
2023-03-02 06:00:00,129.843,129.869,129.837,129.842,1048
2023-03-02 07:00:00,129.842,129.869,129.753,129.841,1074
2023-03-02 08:00:00,129.841,129.844,129.750,129.840,1032
2023-03-02 09:00:00,129.840,129.863,129.786,129.840,997
2023-03-02 10:00:00,129.840,129.902,129.780,129.837,1108
2023-03-02 11:00:00,129.837,129.904,129.830,129.839,1104
2023-03-02 12:00:00,129.839,129.979,129.804,129.840,1103
2023-03-02 13:00:00,129.840,129.905,129.767,129.839,1045
2023-03-02 14:00:00,129.839,129.864,129.802,129.834,1024
2023-03-02 15:00:00,129.834,129.901,129.816,129.835,992
2023-03-02 16:00:00,129.835,129.843,129.770,129.833,991
2023-03-02 17:00:00,129.833,129.900,129.806,129.831,1018
2023-03-02 18:00:00,129.831,129.833,129.768,129.828,897
2023-03-02 19:00:00,129.828,129.832,129.785,129.826,945
2023-03-02 20:00:00,129.826,129.909,129.810,129.824,996
2023-03-02 21:00:00,129.824,129.829,129.819,129.824,971
2023-03-02 22:00:00,129.824,129.841,129.766,129.824,1083
2023-03-02 23:00:00,129.824,129.890,129.740,129.825,937
2023-03-03 00:00:00,129.825,129.873,129.787,129.826,1119
2023-03-03 01:00:00,129.826,129.866,129.745,129.825,1150
2023-03-03 02:00:00,129.825,129.929,129.818,129.828,1085
2023-03-03 03:00:00,129.828,129.868,129.807,129.829,933
2023-03-03 04:00:00,129.829,129.834,129.819,129.829,1218
2023-03-03 05:00:00,129.829,129.916,129.828,129.831,1156
2023-03-03 06:00:00,129.831,129.835,129.772,129.830,1026
2023-03-03 07:00:00,129.830,129.840,129.830,129.831,891
2023-03-03 08:00:00,129.831,129.840,129.813,129.833,1092
2023-03-03 09:00:00,129.833,129.890,129.811,129.830,910
2023-03-03 10:00:00,129.830,129.876,129.829,129.829,856
2023-03-03 11:00:00,129.829,129.878,129.792,129.831,899
2023-03-03 12:00:00,129.831,129.837,129.789,129.828,912
2023-03-03 13:00:00,129.828,129.847,129.731,129.826,886
2023-03-03 14:00:00,129.826,129.869,129.741,129.825,939
2023-03-03 15:00:00,129.825,129.908,129.812,129.824,1143
2023-03-03 16:00:00,129.824,129.883,129.782,129.824,853
2023-03-03 17:00:00,129.824,129.843,129.796,129.826,913
2023-03-03 18:00:00,129.826,129.906,129.797,129.829,910
2023-03-03 19:00:00,129.829,129.852,129.801,129.828,1289
2023-03-03 20:00:00,129.828,129.831,129.770,129.827,1157
2023-03-03 21:00:00,129.827,129.895,129.812,129.827,978
2023-03-03 22:00:00,129.827,129.916,129.810,129.830,868
2023-03-03 23:00:00,129.830,129.849,129.669,129.827,927
2023-03-04 00:00:00,129.827,129.865,129.781,129.828,921
2023-03-04 01:00:00,129.828,129.886,129.763,129.833,958
2023-03-04 02:00:00,129.833,129.834,129.831,129.832,913
2023-03-04 03:00:00,129.832,129.853,129.774,129.832,946
2023-03-04 04:00:00,129.832,129.863,129.679,129.829,1097
2023-03-04 05:00:00,129.829,129.830,129.818,129.829,972
2023-03-04 06:00:00,129.829,129.902,129.774,129.828,1037
2023-03-04 07:00:00,129.828,129.835,129.816,129.828,963
2023-03-04 08:00:00,129.828,129.892,129.801,129.826,895
2023-03-04 09:00:00,129.826,129.865,129.740,129.825,904
2023-03-04 10:00:00,129.825,129.862,129.729,129.821,1074
2023-03-04 11:00:00,129.821,129.832,129.765,129.821,1006
